SampleID	StudyID-Timepoint	StudyID	Diet	Timepoint	IL6	HIV_Status	Triglycerides	HDL	LDL	Leptin	Adiponectin	Insulin	Glucose	BarcodeSequence	LinkerPrimer Sequence	BarcodeName	Grams	Kcal	Protein	Fat	Carbs	Fiber	Sodium	Sugar	Protein-per1000kcal	Fat-per1000kcal	Carbs-per1000kcal	Fiber-per1000kcal	Sodium-per1000kcal	Sugar-per1000kcal	shannon_entropy	faith_pd	observed_features	EnterotypeBaseline	EnterotypeOriginal	Description
St.chronic.DM001.1.T	DM001.1	DM001	Western	1	4.2264596	Positive	89	36	77	14.8	4.3	6	95	GCCAACAACCAT	GGACTACHVGGGTWTCTAAT	806rcbc130	5740.22	3017.34	111.14	113.97	396.7	28.49	4546.91	208.76	36.83376749	37.77167969	131.473417	9.442091378	1506.926631	69.18676715	6.393598977	40.91795433	387	PrevRBactP	1	St.chronic.DM001.1.T
St.chronic.DM001.2.T	DM001.2	DM001	Western	2	3.937532	Positive	53	36	56	6.5	3	6	88	ATCCTTTGGTTC	GGACTACHVGGGTWTCTAAT	806rcbc8	1983.147857	2245.948571	86.66642857	76.66571429	316.8957143	30.33857143	3451.597143	152.5707143	38.58789541	34.13511567	141.0966032	13.50813274	1536.810409	67.93152623	6.323584746	35.26188489	381	PrevRBactP	1	St.chronic.DM001.2.T
St.chronic.DM001.3.T	DM001.3	DM001	Western	3	2.04839	Positive	69	34	54	10.6	3.6	11	96	ATCGCACAGTAA	GGACTACHVGGGTWTCTAAT	806rcbc5	2861.278	2907.88	107.8985	115.213	372.7915	19.1485	3377.045	248.7085	37.10555456	39.62096098	128.2004416	6.585037897	1161.342628	85.52914838	6.037584104	33.71354796	339	PrevRBactP	1	St.chronic.DM001.3.T
St.chronic.DM002.1.T	DM002.1	DM002	Western	1	8.049194	Positive	110	34	60	6.8	4.4	6	93	TGCAGTCCTCGA	GGACTACHVGGGTWTCTAAT	806rcbc37	NA	NA	NA	NA	NA	NA	NA	NA	NA	NA	NA	NA	NA	NA	4.772399839	30.33314872	267	PrevRBactP	1	St.chronic.DM002.1.T
St.chronic.DM002.2.T	DM002.2	DM002	Western	2	12.4720088	Positive	72	35	63	4.2	4.4	5	76	ACCATAGCTCCG	GGACTACHVGGGTWTCTAAT	806rcbc38	2070.784	2420.050667	91.54933333	81.638	336.0226667	21.318	3197.185333	136.5986667	37.82951101	33.73400447	138.8494346	8.80890648	1321.123304	56.44454827	4.643690203	28.90338684	236	PrevRBactP	1	St.chronic.DM002.2.T
St.chronic.DM002.3.T	DM002.3	DM002	Western	3	2.2928672	Positive	129	35	68	6.9	7.5	7	82	GTGTTGTCGTGC	GGACTACHVGGGTWTCTAAT	806rcbc67	1721.4825	2461.519	113.702	95.611	295.4325	14.5275	5173.939	127.841	46.1918027	38.84227585	120.020402	5.901843536	2101.929337	51.93581687	4.707758881	28.43408694	251	PrevRBactP	1	St.chronic.DM002.3.T
St.chronic.DM003.1.T	DM003.1	DM003	Western	1	1.270508	Positive	81	34	81	2.7	3.4	3	88	CACTACGCTAGA	GGACTACHVGGGTWTCTAAT	806rcbc36	3968.42	2501.97	104.24	124.41	253.27	19.03	3630.86	108.15	41.66316942	49.72481684	101.2282322	7.606006467	1451.200454	43.22593796	5.324847918	32.83806003	297	PrevRBactP	2	St.chronic.DM003.1.T
St.chronic.DM003.2.T	DM003.2	DM003	Western	2	NA	Positive	NA	NA	NA	NA	NA	NA	NA	ATGGGTTCCGTC	GGACTACHVGGGTWTCTAAT	806rcbc73	1866.721429	2401.653571	90.77571429	80.23071429	331.735	19.06571429	2899.215714	144.5571429	37.79717248	33.40644764	138.1277483	7.938578033	1207.174819	60.1906722	6.243270378	36.00934426	346	PrevRBactP	2	St.chronic.DM003.2.T
St.chronic.DM003.3.T	DM003.3	DM003	Western	3	1.7594624	Positive	110	37	103	2.2	3.3	4	85	AGTCGAACGAGG	GGACTACHVGGGTWTCTAAT	806rcbc13	2119.7235	3308.4055	165.254	172.84	284.617	26.671	4482.137	109.3635	49.94974165	52.24268911	86.02845087	8.061587372	1354.772563	33.05625625	6.088964195	38.82868172	374	PrevRBactP	2	St.chronic.DM003.3.T
St.chronic.DM007.1.T	DM007.1	DM007	Western	1	7.0712852	Positive	204	29	67	2.7	3.2	11	123	TTGGCTCTATTC	GGACTACHVGGGTWTCTAAT	806rcbc94	2911.4	2019.68	101.41	99.78	190.31	19.39	2979.75	71.85	50.2109245	49.40386596	94.22779846	9.600530777	1475.357482	35.57494257	5.685293929	32.2064488	309	PrevRBactP	1	St.chronic.DM007.1.T
St.chronic.DM007.2.T	DM007.2	DM007	Western	2	11.5830008	Positive	95	27	67	2.3	2.6	6	120	ACTCCTTGTGTT	GGACTACHVGGGTWTCTAAT	806rcbc101	1910.813333	2034.823333	78.76533333	70.33866667	288.968	25.72133333	3185.041333	111.9	38.70868396	34.56745631	142.0113458	12.64057322	1565.266764	54.99248911	6.047001596	36.8937882	380	PrevRBactP	1	St.chronic.DM007.2.T
St.chronic.DM007.3.T	DM007.3	DM007	Western	3	7.8713924	Positive	127	34	81	2.4	2.4	9	105	TATCTATCCTGC	GGACTACHVGGGTWTCTAAT	806rcbc118	968.9825	2033.59	81.9575	93.655	219.8755	21.132	3617.1965	44.8365	40.30187993	46.05402269	108.1218436	10.39147517	1778.724571	22.0479546	6.326826932	42.34052108	428	PrevRBactP	1	St.chronic.DM007.3.T
St.chronic.DM009.1.T	DM009.1	DM009	Agrarian	1	20.8953596	Positive	606	39	115	5.2	3.7	5	103	CGTACTCTCGAG	GGACTACHVGGGTWTCTAAT	806rcbc154	7473.43	10686.7	553.4	545.07	905.66	59.83	18944.58	380.21	51.78399319	51.00451964	84.74646055	5.598547728	1772.724976	35.57786782	5.070377346	25.67414443	227	PrevRBactP	1	St.chronic.DM009.1.T
St.chronic.DM009.2.T	DM009.2	DM009	Agrarian	2	19.27292	Positive	450	38	119	8.1	3.1	5	102	GTTCTCTTCTCG	GGACTACHVGGGTWTCTAAT	806rcbc83	2180.790714	2359.100714	93.99857143	41.43142857	410.4521429	67.22714286	1458.061429	71.09928571	39.84508625	17.56238228	173.9866977	28.49693633	618.0581523	30.13830028	6.011977784	32.05431367	300	PrevRBactP	1	St.chronic.DM009.2.T
St.chronic.DM009.3.T	DM009.3	DM009	Agrarian	3	18.8506412	Positive	459	38	104	9.8	3.9	6	104	AGCAGAACATCT	GGACTACHVGGGTWTCTAAT	806rcbc92	2179.7635	1664.4	90.87	39.362	243.6515	21.807	3521.9645	130.7875	54.5962509	23.64936313	146.3899904	13.10201875	2116.056537	78.57936794	5.634542998	32.55360992	296	PrevRBactP	1	St.chronic.DM009.3.T
St.Chronic.DM010.1.T	DM010.1	DM010	Agrarian	1	4.9598912	Positive	93	56	136	6	5.5	6	101	TGCCGTATGCCA	GGACTACHVGGGTWTCTAAT	806rcbc165	13374.63	3919.55	131.34	151.71	306.94	31.59	4399.56	170.87	33.50894873	38.7059739	78.31001008	8.059598678	1122.465589	43.59429016	6.235235591	22.41784953	229	PrevRBactP	1	St.Chronic.DM010.1.T
St.Chronic.DM010.2.T	DM010.2	DM010	Agrarian	2	3.826406	Positive	112	49	120	10.6	4.4	6	105	CACTCATCATTC	GGACTACHVGGGTWTCTAAT	806rcbc116	2279.374286	2457.215714	101.3707143	44.21214286	420.4971429	63.40642857	1537.197857	74.02357143	41.25430002	17.99278045	171.127484	25.80417674	625.5852297	30.12497885	4.558354027	19.50577383	160	PrevRBactP	2	St.Chronic.DM010.2.T
St.Chronic.DM010.3.T	DM010.3	DM010	Agrarian	3	4.5820628	Positive	117	47	95	5.7	4.3	4	96	ACAATAGACACC	GGACTACHVGGGTWTCTAAT	806rcbc59	1143.7985	1276.961	81.454	59.7895	112.658	24.3825	1665.533	35.018	63.7873827	46.82171186	88.22352445	19.09416184	1304.294336	27.42292051	5.411939102	20.72365869	186	PrevRBactP	1	St.Chronic.DM010.3.T
St.chronic.DM011.1.T	DM011.1	DM011	Agrarian	1	5.8044488	Positive	212	40	107	7.8	2.7	14	88	GCCTAGCCCAAT	GGACTACHVGGGTWTCTAAT	806rcbc99	NA	NA	NA	NA	NA	NA	NA	NA	NA	NA	NA	NA	NA	NA	6.385286025	32.83974425	329	PrevRBactP	1	St.chronic.DM011.1.T
St.chronic.DM011.2.T	DM011.2	DM011	Agrarian	2	5.0265668	Positive	140	35	90	6.2	1.6	7	89	ACCCAAGCGTTA	GGACTACHVGGGTWTCTAAT	806rcbc133	2180.907857	2489.480714	92.90071429	41.43857143	434.155	51.86428571	1444.975	71.52857143	37.31730628	16.64546794	174.3958077	20.83337518	580.4322933	28.73232599	6.233790014	31.14968603	299	PrevRBactP	1	St.chronic.DM011.2.T
St.chronic.DM011.3.T	DM011.3	DM011	Agrarian	3	5.715548	Positive	91	44	96	4.8	2.3	8	99	AGCTGTCAAGCT	GGACTACHVGGGTWTCTAAT	806rcbc111	720.0375	918.4455	44.698	34.293	118.157	17.6415	663.9965	50.3595	48.66701399	37.3380892	128.6488964	19.20799873	722.9568875	54.83123386	6.375093439	37.61059467	366	PrevRBactP	1	St.chronic.DM011.3.T
St.chronic.DM019.1.T	DM019.1	DM019	Agrarian	1	3.3374516	Positive	119	45	128	6.2	6.1	7	98	TCGACATCTCTT	GGACTACHVGGGTWTCTAAT	806rcbc39	3610.76	1589.79	59.21	45.9	242.64	12.67	2635.97	153.41	37.24391272	28.87173778	152.6239315	7.969606049	1658.061757	96.49702162	4.645413747	23.6792405	207	PrevRBactP	1	St.chronic.DM019.1.T
St.chronic.DM019.2.T	DM019.2	DM019	Agrarian	2	0.714878	Positive	105	34	126	7.9	4	8	97	TTGGGTACACGT	GGACTACHVGGGTWTCTAAT	806rcbc42	2057.512857	2305.812143	88.68214286	37.91714286	407.9964286	60.57142857	1507.817143	64.655	38.46026361	16.44415959	176.9426143	26.26902142	653.9202023	28.04001193	4.277921429	22.64487092	166	PrevRBactP	1	St.chronic.DM019.2.T
St.chronic.DM019.3.T	DM019.3	DM019	Agrarian	3	5.271044	Positive	156	37	113	8.5	4.7	6	106	ATGTGTGTAGAC	GGACTACHVGGGTWTCTAAT	806rcbc123	1241.3695	1276.0125	92.38	30.255	163.553	24.382	929.898	31.183	72.3974099	23.71058277	128.1750767	19.10796328	728.753049	24.43784838	4.968879371	25.49215219	231	PrevRBactP	1	St.chronic.DM019.3.T
St.chronic.DM025.1.T	DM025.1	DM025	Agrarian	1	5.38217	Positive	125	26	81	6.6	1.9	21	109	TATACCGCTGCG	GGACTACHVGGGTWTCTAAT	806rcbc57	3399.4	2382.69	97	116.29	241.02	19.21	3578.32	103.25	40.71028963	48.80618125	101.1545774	8.062316122	1501.798388	43.3333753	6.454526729	41.77803043	397	PrevRBactP	1	St.chronic.DM025.1.T
St.chronic.DM025.2.T	DM025.2	DM025	Agrarian	2	3.937532	Positive	150	28	62	3.8	1.8	7	84	TGGTCAACGATA	GGACTACHVGGGTWTCTAAT	806rcbc4	1706.841429	2098.742857	80.21071429	34.30142857	371.3514286	43.63857143	1609.575714	64.66142857	38.21845731	16.34379765	176.9399368	20.79271945	766.9237367	30.8096003	6.319586207	45.57851332	452	PrevRBactP	1	St.chronic.DM025.2.T
St.chronic.DM025.3.T	DM025.3	DM025	Agrarian	3	5.2488188	Positive	125	24	64	3.8	3.6	4	83	CATTATGGCGTG	GGACTACHVGGGTWTCTAAT	806rcbc18	1219.507	1127.57	75.0245	10.21	184.821	24.933	706.829	22.8885	66.53644563	9.054870208	163.910888	22.11215268	626.8604166	20.29896148	6.265756904	42.47620409	415	PrevRBactP	1	St.chronic.DM025.3.T
St.chronic.DM030.1.T	DM030.1	DM030	Western	1	2.4628636	Positive	57	63	120	52.6	16.5	8	89	GGTGACTAGTTC	GGACTACHVGGGTWTCTAAT	806rcbc72	7197.51	5227.64	142.15	210.47	691.75	18.63	6144.19	509.61	27.19200251	40.26099731	132.3254853	3.563749608	1175.327681	97.4837594	5.043276058	25.45544973	215	BactRPrevP	3	St.chronic.DM030.1.T
St.chronic.DM030.2.T	DM030.2	DM030	Western	2	2.1109344	Positive	77	55	101	62.4	18.8	13	100	CGGTCAATTGAC	GGACTACHVGGGTWTCTAAT	806rcbc60	1664.008571	1916.360714	72.31857143	64.32285714	265.7257143	14.59571429	3067.668571	108.3235714	37.7374525	33.56510946	138.6616373	7.61637106	1600.778261	56.525669	5.872050616	29.54191256	273	BactRPrevP	3	St.chronic.DM030.2.T
St.chronic.DM032.1.T	DM032.1	DM032	Agrarian	1	17.0281748	Positive	122	37	86	2.3	3.5	3	91	TATCGACACAAG	GGACTACHVGGGTWTCTAAT	806rcbc69	2030.35	2203.93	89.97	79.26	295.94	18.74	3819.45	162.24	40.82253066	35.96302968	134.2783119	8.502992382	1733.017836	73.61395326	6.23615599	44.3256808	426	PrevRBactP	1	St.chronic.DM032.1.T
St.chronic.DM032.2.T	DM032.2	DM032	Agrarian	2	16.3391936	Positive	163	34	74	2.2	3.5	2	85	ATGATGAGCCTC	GGACTACHVGGGTWTCTAAT	806rcbc53	1633.653571	2021.151429	76.94857143	68.29785714	281.8921429	16.84142857	3073.767857	112.1264286	38.07165081	33.7915587	139.4710653	8.332591182	1520.800378	55.47651056	6.308830296	41.60867446	393	PrevRBactP	1	St.chronic.DM032.2.T
St.Chronic.DM034.1.T	DM034.1	DM034	Agrarian	1	4.8040308	Positive	93	55	94	5.4	11.4	4	92	TGGCAAATCTAG	GGACTACHVGGGTWTCTAAT	806rcbc162	3537.59	1748.84	72.28	70.41	213.9	15.81	2778.2	90.78	41.3302532	40.26097299	122.3096453	9.040278127	1588.595869	51.90869376	5.810185694	22.18199915	197	BactRPrevP	3	St.Chronic.DM034.1.T
St.Chronic.DM034.2.T	DM034.2	DM034	Agrarian	2	3.8403108	Positive	129	39	74	4.5	9	4	86	GTGTTAGATGTG	GGACTACHVGGGTWTCTAAT	806rcbc143	2359.404286	2058.607143	79.605	34.41142857	361.9864286	46.95714286	1334.728571	58.90071429	38.66934994	16.71587932	175.8404608	22.8101525	648.3648792	28.61192554	5.766789864	23.84109555	201	BactRPrevP	3	St.Chronic.DM034.2.T
St.Chronic.DM034.3.T	DM034.3	DM034	Agrarian	3	2.7609444	Positive	74	45	73	1.9	5.1	12	72	CATACCGTGAGT	GGACTACHVGGGTWTCTAAT	806rcbc122	1385.211	1390.4085	73.5385	28.1105	221.782	35.154	572.2865	35.678	52.88985215	20.21743969	159.5085185	25.28321713	411.5959446	25.66008479	5.505789551	19.71453487	182	BactRPrevP	3	St.Chronic.DM034.3.T
St.Chronic.DM036.1.T	DM036.1	DM036	Agrarian	1	1.6141176	Positive	202	43	113	50.3	5.3	11	92	TGCAGCAAGATT	GGACTACHVGGGTWTCTAAT	806rcbc134	2268.62	1485.41	48.15	52.17	213.15	10.68	1947.19	132.36	32.41529275	35.12161625	143.4957352	7.189934092	1310.877132	89.10671128	5.740596395	24.0759048	227	PrevRBactP	1	St.Chronic.DM036.1.T
St.Chronic.DM036.2.T	DM036.2	DM036	Agrarian	2	10.0081188	Positive	170	40	87	48.9	6.5	7	94	AGCTGTCAAGCT	GGACTACHVGGGTWTCTAAT	806rcbc111	2266.772857	2490.308571	100.4021429	45.39	418.7228571	58.68571429	1655.394286	77.30642857	40.31714945	18.22665694	168.1409533	23.5656396	664.7346055	31.04291149	6.230033267	23.61405252	240	PrevRBactP	2	St.Chronic.DM036.2.T
St.Chronic.DM036.3.T	DM036.3	DM036	Agrarian	3	2.1248892	Positive	150	37	96	28.8	6.7	6	84	CGTAAGATGCCT	GGACTACHVGGGTWTCTAAT	806rcbc84	1449.382	1783.9185	109.407	42.2205	246.5975	30.776	1422.514	49.681	61.32959549	23.66728076	138.2336133	17.25190921	797.4097471	27.84936644	6.037357014	25.66489722	241	PrevRBactP	1	St.Chronic.DM036.3.T
St.Neg.DM038.1	DM038.1	DM038	Agrarian	1	2.5283388	Positive	133	71	135	20.4	102	4	95	GGTTATTTGGCG	GGACTACHVGGGTWTCTAAT	806rcbc140	4438.58	3754.51	33.57	57.58	181.42	10.96	1939.64	117.01	8.941246661	15.3362223	48.32055315	2.919155895	516.6160165	31.16518534	5.526515865	20.09559699	162	BactRPrevP	3	St.Neg.DM038.1
St.Neg.DM038.2	DM038.2	DM038	Agrarian	2	1.6607924	Positive	76	83	126	18.2	12.9	2	76	GTTATCGCATGG	GGACTACHVGGGTWTCTAAT	806rcbc157	2130.077857	2002.426429	76.36785714	33.30642857	352.3971429	51.94142857	1507.822857	56.41285714	38.13765942	16.63303485	175.9850638	25.93924442	752.9978808	28.1722496	5.062978998	17.05912872	111	BactRPrevP	3	St.Neg.DM038.2
St.Neg.DM038.3	DM038.3	DM038	Agrarian	3	2.8229772	Positive	150	56	119	15.6	13.2	5	105	GCTTGAGCTTGA	GGACTACHVGGGTWTCTAAT	806rcbc181	947.6605	572.2035	55.004	11.317	70.6755	18.4825	470.937	19.4235	96.12664026	19.77792866	123.5146237	32.30057139	823.0236271	33.94509121	5.85715163	18.98862545	152	BactRPrevP	3	St.Neg.DM038.3
St.Chronic.DM040.1.T	DM040.1	DM040	Agrarian	1	3.94632	Positive	183	30	84	23.9	3.6	28	129	TCAGTTCTCGTT	GGACTACHVGGGTWTCTAAT	806rcbc155	5583.2	3091.25	115.25	124.93	412.15	54.04	4757.44	194.43	37.28265265	40.41407198	133.3279418	17.48160129	1539.002022	62.89688637	5.504101864	20.52177218	188	BactRPrevP	3	St.Chronic.DM040.1.T
St.Chronic.DM040.2.T	DM040.2	DM040	Agrarian	2	3.2909904	Positive	141	29	73	16	5	14	112	CTCACAACCGTG	GGACTACHVGGGTWTCTAAT	806rcbc88	2359.589286	2676.128571	102.2171429	45.74357143	477.935	60.98428571	1527.744286	78.91428571	38.19590133	17.09318899	178.5919425	22.78824955	570.8785079	29.4882266	5.806497638	22.90459947	216	BactRPrevP	3	St.Chronic.DM040.2.T
St.Chronic.DM040.3.T	DM040.3	DM040	Agrarian	3	3.6764784	Positive	153	33	6	16.2	4.8	20	108	GTATTTCGGACG	GGACTACHVGGGTWTCTAAT	806rcbc117	1592.4465	1471.434	65.5145	32.27	241.119	32.7645	1071.012	56.017	44.52425321	21.93098705	163.866677	22.26705377	727.8695477	38.06966537	5.888324998	25.48307689	249	BactRPrevP	3	St.Chronic.DM040.3.T
St.Chronic.DM044.1.T	DM044.1	DM044	Western	1	11.2496228	Positive	95	55	135	12.8	4.1	7	92	GATGTATGTGGT	GGACTACHVGGGTWTCTAAT	806rcbc100	NA	NA	NA	NA	NA	NA	NA	NA	NA	NA	NA	NA	NA	NA	5.677731888	18.88684061	177	BactRPrevP	3	St.Chronic.DM044.1.T
St.Chronic.DM044.3.T	DM044.3	DM044	Western	3	10.4272904	Positive	65	65	137	909	4.6	6	99	GTGCAACCAATC	GGACTACHVGGGTWTCTAAT	806rcbc180	2119.7645	3135.409	120.389	163.856	298.3615	17.065	8176.0605	138.9205	38.39658558	52.25984872	95.15871773	5.442671116	2607.653579	44.30697877	5.8160644	22.51543327	191	BactRPrevP	2	St.Chronic.DM044.3.T
St.Chronic.DM051.1.T	DM051.1	DM051	Agrarian	1	4.7847564	Positive	150	58	80	9	17.4	9	93	GTCACGGACATT	GGACTACHVGGGTWTCTAAT	806rcbc102	5352.51	1920.88	86.63	90.56	192.62	12.29	3294.21	88.32	45.09912124	47.14505851	100.2769564	6.3981092	1714.948357	45.97892633	4.723563427	18.34339159	146	PrevRBactP	2	St.Chronic.DM051.1.T
St.Chronic.DM051.2.T	DM051.2	DM051	Agrarian	2	4.1487012	Positive	84	33	62	3.8	14.7	4	86	GGATCGTAATAC	GGACTACHVGGGTWTCTAAT	806rcbc141	2823.068571	2393.585714	89.475	39.63357143	417.5657143	49.03428571	1629.663571	67.87357143	37.38115559	16.55824197	174.4519579	20.48570286	680.8461304	28.35644073	4.800704883	18.24241117	155	PrevRBactP	2	St.Chronic.DM051.2.T
St.Chronic.DM051.3.T	DM051.3	DM051	Agrarian	3	2.067066	Positive	107	30	60	3.6	12.2	8	89	TACCGAAGGTAT	GGACTACHVGGGTWTCTAAT	806rcbc115	1595.573	1485.86	82.894	20.5725	246.4605	35.0505	1422.6185	17.961	55.78856689	13.84551707	165.8706069	23.58936912	957.4377801	12.08794907	5.376290869	19.59811366	175	PrevRBactP	2	St.Chronic.DM051.3.T
DM064.1	DM064.1	DM064	Agrarian	1	4.0330548	Positive	113	35	102	12.3	3.5	10	79	CTAGCGTGCGTT	GTGYCAGCMGCCGCGGTAA	515rcbc176	4739.53	2028.56	96.77	99.38	193.59	21.46	4053.95	71.69	47.70378988	48.99041685	95.43222779	10.57893284	1998.437315	35.34033995	5.559867622	12.49218545	118	BactRPrevP	3	DM064.1
DM064.2	DM064.2	DM064	Agrarian	2	2.0959776	Positive	284	28	67	11.6	3.3	8	95	TAATCCATAATC	GTGYCAGCMGCCGCGGTAA	515rcbc118	2504.088571	2768.748571	105.2671429	46.69285714	489.0807143	75.62714286	1294.695714	81.685	38.01975519	16.86424604	176.6432385	27.31455779	467.6104315	29.50249829	4.361664865	12.9525098	111	BactRPrevP	3	DM064.2
DM064.3	DM064.3	DM064	Agrarian	3	2.5585632	Positive	135	37	86	11.4	4.4	7	80	AATTAATATGTA	GTGYCAGCMGCCGCGGTAA	515rcbc127	1037.161	1551.733	96.7955	62.7525	168.384	35.577	569.8595	20.4015	62.37896597	40.44026904	108.5135136	22.92726906	367.2406915	13.14755825	5.126287358	12.81606577	128	BactRPrevP	3	DM064.3
DM065.1	DM065.1	DM065	Western	1	5.9894064	Positive	246	36	123	9	8.8	4	61	CTGACACGAATA	GTGYCAGCMGCCGCGGTAA	515rcbc123	NA	NA	NA	NA	NA	NA	NA	NA	NA	NA	NA	NA	NA	NA	5.10603329	14.75748253	127	PrevRBactP	1	DM065.1
DM065.2	DM065.2	DM065	Western	2	6.259248	Positive	236	41	132	13.2	9.6	15	80	TCAGACCAACTG	GTGYCAGCMGCCGCGGTAA	515rcbc168	1640.742857	2277.428571	87.52571429	77.04071429	319.5728571	16.76928571	3168.237857	143.255	38.43181533	33.82793878	140.3217915	7.363254297	1391.14697	62.90208255	5.371846908	17.63995504	166	PrevRBactP	1	DM065.2
DM065.3	DM065.3	DM065	Western	3	3.2813532	Positive	241	41	128	8	9.9	5	75	TTGAACAAGCCA	GTGYCAGCMGCCGCGGTAA	515rcbc155	1975.075	2611.8025	78.3695	103.55	340.9325	11.2	3789.284	156.007	30.00590588	39.6469488	130.5353295	4.288226235	1450.830987	59.73154555	4.868730278	13.93889569	133	PrevRBactP	1	DM065.3
DM068.1	DM068.1	DM068	Western	1	3.801762	Positive	242	52	85	11	6.1	3	97	TCATTAGCGTGG	GTGYCAGCMGCCGCGGTAA	515rcbc180	5328.17	2644.78	94.36	118	220.53	16.65	3777.81	73.74	35.67782575	44.61618736	83.38311693	6.295419657	1428.402362	27.88133607	4.414885477	11.51136563	80	BactRPrevP	3	DM068.1
DM069.1	DM069.1	DM069	Western	1	1.729764	Positive	78	51	105	6.2	16	3	87	TAGCAGTTGCGT	GTGYCAGCMGCCGCGGTAA	515rcbc143	6542.02	2006.98	60.77	58.59	167.84	16.98	2837.22	41.55	30.27932516	29.19311603	83.6281378	8.460472949	1413.67627	20.70274741	5.834423619	21.02683259	205	PrevRBactP	2	DM069.1
DM069.3	DM069.3	DM069	Western	3	1.3539132	Positive	87	63	110	8.6	16.3	2	87	TTCGATGCCGCA	GTGYCAGCMGCCGCGGTAA	515rcbc120	2268.8285	2975.8465	112.4575	134.4505	331.995	18.32	4815.3485	134.5245	37.79008763	45.18058979	111.563214	6.156231513	1618.144115	45.20545667	4.618201089	17.26861357	123	PrevRBactP	2	DM069.3
DM070.1	DM070.1	DM070	Western	1	5.4979092	Positive	148	52	113	24.1	6.4	18	111	TTAATGGATCGG	GTGYCAGCMGCCGCGGTAA	515rcbc151	4770.64	1728.69	67.84	58.21	229.84	13.76	2531.44	114.57	39.24358908	33.67289682	132.9561691	7.959784577	1464.368973	66.27561911	6.009487884	23.23447475	252	PrevRBactP	1	DM070.1
DM070.2	DM070.2	DM070	Western	2	3.4451856	Positive	NA	NA	NA	NA	NA	NA	NA	GAACCAGTACTC	GTGYCAGCMGCCGCGGTAA	515rcbc92	2059.171429	2731.666429	102.7878571	91.595	377.2735714	18.89928571	3289.401429	171.13	37.62826093	33.53081439	138.1111425	6.918592079	1204.173904	62.64674127	6.149416628	22.00305842	252	PrevRBactP	1	DM070.2
DM070.3	DM070.3	DM070	Western	3	4.1776128	Positive	196	52	112	38.4	7.2	9	134	GTAGTAGACCAT	GTGYCAGCMGCCGCGGTAA	515rcbc49	2113.383	3582.042	152.06	175.1915	347.676	15.8565	6695.349	153.1915	42.45064687	48.90827634	97.06083848	4.426665014	1869.143075	42.76652814	6.096808056	20.88361427	245	PrevRBactP	1	DM070.3
DM072.1	DM072.1	DM072	Western	1	69.946376	Positive	255	43	148	11.6	8.9	17	83	ACTACTGAGGAT	GTGYCAGCMGCCGCGGTAA	515rcbc10	3466.68	2043.05	85.56	83.02	245.22	16.78	3309.84	109.72	41.87856391	40.63532464	120.0264311	8.213210641	1620.048457	53.70402095	5.869348792	20.82154547	226	BactRPrevP	3	DM072.1
DM072.2	DM072.2	DM072	Western	2	73.4357324	Positive	234	40	145	10.4	6.2	4	87	GTCGTCCAAATG	GTGYCAGCMGCCGCGGTAA	515rcbc75	2003.53	2304.308571	86.49071429	76.76785714	317.1407143	15.50785714	3022.25	149.8414286	37.5343456	33.31492062	137.6294469	6.729939443	1311.564795	65.02663334	6.083079228	23.52379298	247	BactRPrevP	3	DM072.2
DM072.3	DM072.3	DM072	Western	3	73.2134804	Positive	243	41	140	7.9	8.6	7	83	AATGCGCGTATA	GTGYCAGCMGCCGCGGTAA	515rcbc32	2823.8945	3469.6225	102.8495	170.837	386.1135	21.79	5090.8085	145.223	29.64285019	49.23792142	111.2840086	6.280222128	1467.251408	41.8555621	5.852289496	20.33546191	208	BactRPrevP	3	DM072.3
DM074.1	DM074.1	DM074	Western	1	1.3497152	Positive	239	35	124	17	4.6	13	161	TCTCTTTCGACA	GTGYCAGCMGCCGCGGTAA	515rcbc52	3508.8	2042.38	92.89	110.88	174.33	9.12	3383.1	94.15	45.48125226	54.28960331	85.3563	4.465378627	1656.449828	46.09817957	5.776821334	22.17750051	232	PrevRBactP	1	DM074.1
DM074.2	DM074.2	DM074	Western	2	14.286644	Positive	241	32	124	10.8	3.3	6	126	GTCCGTCCTGGT	GTGYCAGCMGCCGCGGTAA	515rcbc164	1903.724286	2563.213571	97.41142857	86.19428571	356.2792857	21.425	3070.769286	143.1878571	38.00363327	33.6274303	138.9971127	8.358648003	1198.015382	55.86263226	5.394277298	23.38738401	227	PrevRBactP	1	DM074.2
DM074.3	DM074.3	DM074	Western	3	2.2230644	Positive	219	35	119	11.9	4.1	5	135	TGAGACCCTACA	GTGYCAGCMGCCGCGGTAA	515rcbc56	2468.1685	3147.0505	101.468	157.562	337.376	17.2635	4579.828	127.0435	32.2422535	50.06656233	107.2038723	5.48561264	1455.276298	40.36906939	5.235863069	21.77146345	201	PrevRBactP	1	DM074.3
DM077.1	DM077.1	DM077	Western	1	1.9390484	Positive	159	50	107	12.7	2.8	10	118	ACGTGAGGAACG	GTGYCAGCMGCCGCGGTAA	515rcbc17	8962.18	4891.1	205.81	270.95	377.45	38.95	7032.3	144.63	42.07846906	55.39653657	77.17077958	7.963443806	1437.774734	29.57003537	4.935475396	16.19702702	138	PrevRBactP	2	DM077.1
DM077.2	DM077.2	DM077	Western	2	1.4491208	Positive	110	49	144	8.7	3.3	4	82	TCCATACCGGAA	GTGYCAGCMGCCGCGGTAA	515rcbc1	1311.11	2088.883571	79.435	70.56571429	290.7121429	17.57357143	2914.482143	117.7664286	38.02749042	33.78154496	139.171061	8.412901355	1395.234365	56.37768911	4.666431095	15.30676256	136	PrevRBactP	2	DM077.2
DM077.3	DM077.3	DM077	Western	3	1.2645104	Positive	79	50	145	7	3.4	2	78	AACTCAATAGCG	GTGYCAGCMGCCGCGGTAA	515rcbc167	1682.9465	2848.979	104.8535	137.571	302.7035	16.427	3970.636	117.69	36.80388659	48.28782522	106.2498179	5.765925267	1393.704903	41.3095358	4.895580534	15.25913292	140	PrevRBactP	3	DM077.3
DM079.1	DM079.1	DM079	Western	1	26.1514124	Positive	299	34	91	11.4	6.2	8	95	TATCATATTACG	GTGYCAGCMGCCGCGGTAA	515rcbc98	5797.3	1559.37	58.61	57.12	205.51	14.78	2029.3	117.09	37.58569166	36.63017757	131.7904025	9.478186704	1301.358882	75.08801631	4.489980899	12.79105167	110	PrevRBactP	2	DM079.1
DM079.2	DM079.2	DM079	Western	2	25.7750912	Positive	172	32	83	6.8	5.2	6	90	TATCCAAGCGCA	GTGYCAGCMGCCGCGGTAA	515rcbc70	2045.622143	2375.342857	89.89214286	79.89714286	329.3657143	19.50142857	2875.146429	130.7792857	37.84386013	33.63604653	138.6602836	8.209942625	1210.413234	55.05701433	5.107015982	13.41021758	129	PrevRBactP	2	DM079.2
DM079.3	DM079.3	DM079	Western	3	27.7064	Positive	213	35	96	6	5.3	6	90	CACACAAAGTCA	GTGYCAGCMGCCGCGGTAA	515rcbc153	1660.9405	2350.6855	94.221	98.2565	277.818	15.9345	7663.263	103.5095	40.08235045	41.79908371	118.1859504	6.778660948	3260.012026	44.03375101	5.554618294	16.88958172	146	PrevRBactP	3	DM079.3
DM081.1	DM081.1	DM081	Agrarian	1	1.5485264	Positive	84	52	97	7.8	15.3	5	92	CAGGAACCAGGA	GTGYCAGCMGCCGCGGTAA	515rcbc159	21016.42	18283.63	712.6	811.25	2017.8	146.98	31155.61	691.69	38.97475501	44.37029189	110.3610169	8.038885057	1704.016653	37.83110903	5.499646825	18.09576638	173	PrevRBactP	1	DM081.1
DM081.2	DM081.2	DM081	Agrarian	2	2.8763012	Positive	55	42	73	3	11.2	2	62	GCCTATGAGATC	GTGYCAGCMGCCGCGGTAA	515rcbc20	2213.336429	2291.687143	85.19285714	37.99785714	398.8092857	51.82857143	1710.555	63.68642857	37.17473278	16.58073497	174.0243152	22.61590182	746.4173307	27.79019325	5.315413089	18.15563035	179	PrevRBactP	1	DM081.2
DM081.3	DM081.3	DM081	Agrarian	3	6.8454248	Positive	39	52	88	7.5	15.4	3	83	TTCCTTAGTAGT	GTGYCAGCMGCCGCGGTAA	515rcbc15	1687.036	2405.2775	154.219	37.0105	366.693	33.694	2864.6845	47.2195	64.11692622	15.38720584	152.4535111	14.00836286	1190.999583	19.63162255	5.871827426	19.29386437	200	PrevRBactP	1	DM081.3
DM082.1	DM082.1	DM082	Agrarian	1	3.0404232	Positive	NA	NA	NA	NA	NA	NA	NA	GTCACTCCGAAC	GTGYCAGCMGCCGCGGTAA	515rcbc148	11349.49	5302.77	163.8	231.83	662.92	42.48	7569.53	286.8	30.88951623	43.71866025	125.0139078	8.010907507	1427.467154	54.08494051	6.372610587	24.74638001	268	BactRPrevP	3	DM082.1
DM082.2	DM082.2	DM082	Agrarian	2	3.1078836	Positive	85	44	78	30.1	9.1	4	75	AAGAACTCATGA	GTGYCAGCMGCCGCGGTAA	515rcbc29	1156.878571	1633.637143	63.02642857	27.61857143	284.2171429	35.00214286	1245.259286	45.65571429	38.58043314	16.9061848	173.9781347	21.42589804	762.2618592	27.94727978	6.212723023	23.25438897	240	BactRPrevP	3	DM082.2
DM082.3	DM082.3	DM082	Agrarian	3	1.440648	Positive	63	49	65	23.1	9	3	83	CCGGCGACAGAA	GTGYCAGCMGCCGCGGTAA	515rcbc137	1361.4865	1276.965	84.859	18.893	199.045	23.1855	805.1655	22.8935	66.45366161	14.79523714	155.8734969	18.15672317	630.530594	17.92805598	5.91276628	24.5201253	240	BactRPrevP	3	DM082.3
DM084.1	DM084.1	DM084	Western	1	1.647932	Positive	112	48	172	5.5	9.8	2	100	GCAACGAACGAG	GTGYCAGCMGCCGCGGTAA	515rcbc130	6714.87	2633.39	163.52	132.96	202.06	24.79	4041.87	104	62.09486631	50.49005275	76.72999442	9.413721477	1534.854313	39.49282104	4.87342964	21.72423964	198	PrevRBactP	1	DM084.1
DM084.2	DM084.2	DM084	Western	2	1.5485264	Positive	122	66	170	170	7.6	3	97	CGTCCGTATGAA	GTGYCAGCMGCCGCGGTAA	515rcbc16	1998.497857	2523.380714	95.35	84.34285714	348.5035714	21.90285714	2866.288571	149.455	37.78660884	33.42454694	138.1097864	8.679965341	1135.89224	59.22808205	5.16382685	24.08179389	211	PrevRBactP	1	DM084.2
DM084.3	DM084.3	DM084	Western	3	1.399418	Positive	117	63	182	5	98	4	117	TGATGTGCTAAG	GTGYCAGCMGCCGCGGTAA	515rcbc48	2083.012	2516.294	137.7425	104.143	259.4305	12.4825	6100.4045	115.084	54.74022511	41.38745314	103.1002339	4.960668348	2424.360786	45.73551421	5.246560854	22.31780391	208	PrevRBactP	1	DM084.3
St.Chronic.DM085.1.T	DM085.1	DM085	Agrarian	1	1.5982292	Positive	56	52	91	10.6	19	7	115	TCAAGTCCGCAC	GTGYCAGCMGCCGCGGTAA	515rcbc152	3243.84	1019.03	81.03	52.57	53.06	11.49	2346.26	21.46	79.51679538	51.58827512	52.06912456	11.27542859	2302.444482	21.05924261	5.569633816	20.90192979	187	PrevRBactP	1	St.Chronic.DM085.1.T
St.Chronic.DM085.2.T	DM085.2	DM085	Agrarian	2	1.683434	Positive	92	42	72	7.1	20.3	4	93	CGTTCTGGTGGT	GTGYCAGCMGCCGCGGTAA	515rcbc149	NA	NA	NA	NA	NA	NA	NA	NA	NA	NA	NA	NA	NA	NA	5.230530603	18.93513667	166	PrevRBactP	1	St.Chronic.DM085.2.T
St.Chronic.DM085.3.T	DM085.3	DM085	Agrarian	3	1.3355144	Positive	NA	NA	NA	NA	NA	NA	NA	GTTGGACGAAGG	GTGYCAGCMGCCGCGGTAA	515rcbc147	1570.3335	1329.2675	63.03	27.764	215.2735	32.772	950.301	11.2145	47.4170925	20.88669135	161.9489681	24.65417984	714.9057658	8.436601361	5.588129364	21.36896572	183	PrevRBactP	1	St.Chronic.DM085.3.T
St.Chronic.DM094.1.T	DM094.1	DM094	Agrarian	1	5.3898428	Positive	130	40	69	23.5	8.6	11	94	TTGCGGACCCTA	GTGYCAGCMGCCGCGGTAA	515rcbc74	8848.12	3204.44	29.41	52.71	681.82	2.81	979.42	641.97	9.177890677	16.44905194	212.7735267	0.87690829	305.644668	200.3376565	4.79906435	13.57659826	98	BactRPrevP	3	St.Chronic.DM094.1.T
St.Chronic.DM094.2.T	DM094.2	DM094	Agrarian	2	5.2549352	Positive	97	32	51	19.1	5.4	8	90	GTTGATACGATG	GTGYCAGCMGCCGCGGTAA	515rcbc54	2007.186429	2392.306429	89.53571429	39.83	418.4714286	53.86	1655.748571	68.01357143	37.42652413	16.64920494	174.9238407	22.51383826	692.1139164	28.43012526	5.007874964	13.88401851	106	BactRPrevP	3	St.Chronic.DM094.2.T
St.Chronic.DM094.3.T	DM094.3	DM094	Agrarian	3	4.0478672	Positive	127	35	60	10.2	6.8	7	79	AGAGGGTGATCG	GTGYCAGCMGCCGCGGTAA	515rcbc121	1689.041	1136.5635	77.3525	37.6125	127.571	22.9345	1213.1535	36.128	68.05822992	33.09317957	112.2427387	20.17881095	1067.387348	31.78704929	5.104896564	14.62819036	119	BactRPrevP	3	St.Chronic.DM094.3.T
St.Chronic.DM095.1.T	DM095.1	DM095	Agrarian	1	2.5141808	Positive	65	52	80	32.8	23.8	8	112	CGACACGGAGAA	GTGYCAGCMGCCGCGGTAA	515rcbc113	5113.87	1702.49	62.78	77.17	202.48	19.96	2706.67	75.22	36.87540015	45.32772586	118.9316824	11.72400425	1589.83019	44.18234468	5.776008674	22.97319045	213	BactRPrevP	3	St.Chronic.DM095.1.T
St.Chronic.DM095.2.T	DM095.2	DM095	Agrarian	2	4.0904696	Positive	95	40	78	29.2	24.7	9	104	ACGCTTAACGAC	GTGYCAGCMGCCGCGGTAA	515rcbc40	1643.804286	1705.251429	63.81857143	28.39428571	298.4371429	35.18285714	1673.110714	50.26357143	37.42472832	16.65108455	175.0106394	20.63206431	981.1519206	29.47575389	5.827610714	25.75300173	206	BactRPrevP	3	St.Chronic.DM095.2.T
St.Chronic.DM095.3.T	DM095.3	DM095	Agrarian	3	2.8407992	Positive	92	43	64	27.1	208	8	99	GACTCTGCTCAG	GTGYCAGCMGCCGCGGTAA	515rcbc87	1503.95	881.555	39.1685	23.419	130.2175	15.8685	1006.9985	18.1495	44.43114723	26.56555745	147.7134155	18.00057852	1142.297985	20.58805179	6.026499049	23.81440899	226	BactRPrevP	3	St.Chronic.DM095.3.T
St.Chronic.DM101.1.T	DM101.1	DM101	Agrarian	1	2.9331044	Positive	49	51	82	6.5	14.6	3	89	TCCGGCGGGCAA	GTGYCAGCMGCCGCGGTAA	515rcbc117	5063.7	1968.38	62.97	70.11	241.1	13.76	2887.05	102.09	31.99077414	35.61812252	122.4865118	6.990520123	1466.713744	51.86498542	4.756809183	11.99929102	88	BactRPrevP	3	St.Chronic.DM101.1.T
St.Chronic.DM101.2.T	DM101.2	DM101	Agrarian	2	1.7402372	Positive	76	46	92	39	11.3	3	89	CAATCATAGGTG	GTGYCAGCMGCCGCGGTAA	515rcbc146	1876.443571	2365.201429	88.245	39.07714286	411.0028571	50.16071429	1541.702143	67.38714286	37.30971871	16.52169764	173.7707631	21.20779807	651.8269963	28.49107989	4.490898655	11.36290812	87	BactRPrevP	3	St.Chronic.DM101.2.T
St.Chronic.DM101.3.T	DM101.3	DM101	Agrarian	3	1.6905344	Positive	60	45	91	3.3	12.8	5	92	TGTCAAAGTGAC	GTGYCAGCMGCCGCGGTAA	515rcbc83	1977.2175	2039.185	112.2435	56.016	288.8345	41.243	1913.515	82.6505	55.04331387	27.46979798	141.6421266	20.22523704	938.372438	40.53114357	4.873690995	13.68156977	116	BactRPrevP	3	St.Chronic.DM101.3.T
St.Chronic.DM103.1.T	DM103.1	DM103	Western	1	8.1589988	Positive	95	39	111	13.5	4.9	6	79	TACAATATCTGT	GTGYCAGCMGCCGCGGTAA	515rcbc6	2919.4	2578.59	115.64	115.04	276.99	10.4	3661.5	173.98	44.8462144	44.6135291	107.4191709	4.033211949	1419.962072	67.4709822	5.899771222	25.31350544	236	PrevRBactP	1	St.Chronic.DM103.1.T
St.Chronic.DM103.2.T	DM103.2	DM103	Western	2	7.789778	Positive	137	36	132	12.3	3.2	15	100	TGACTAATGGCC	GTGYCAGCMGCCGCGGTAA	515rcbc24	1595.005	2713.210714	102.3707143	90.70642857	374.76	21.34285714	3284.544286	154.3435714	37.73046957	33.43139849	138.1241781	7.866273353	1210.574714	56.88595088	6.096916133	27.34947878	263	PrevRBactP	1	St.Chronic.DM103.2.T
St.Chronic.DM103.3.T	DM103.3	DM103	Western	3	7.6619708	Positive	150	44	151	21.3	3.2	9	68	GACTCAACCAGT	GTGYCAGCMGCCGCGGTAA	515rcbc8	2331.992	2173.3875	81.063	84.2845	279.833	16.4955	4349.807	125.0245	37.29799679	38.78024512	128.7543064	7.589764826	2001.395057	57.52517671	6.04091584	26.02205799	249	PrevRBactP	1	St.Chronic.DM103.3.T
St.Chronic.DM104.1.T	DM104.1	DM104	Agrarian	1	2.6206868	Positive	118	33	144	14.7	9.8	6	97	AGCCTTCGTCGC	GTGYCAGCMGCCGCGGTAA	515rcbc0	NA	NA	NA	NA	NA	NA	NA	NA	NA	NA	NA	NA	NA	NA	5.825737068	23.94630954	210	PrevRBactP	1	St.Chronic.DM104.1.T
St.Chronic.DM104.2.T	DM104.2	DM104	Agrarian	2	3.1177148	Positive	105	29	115	6.2	8.4	5	91	AATTTAGGTAGG	GTGYCAGCMGCCGCGGTAA	515rcbc7	2378.814286	2651.484286	98.59428571	43.69285714	460.9014286	58.35	1611.291429	75.80142857	37.18456347	16.4786408	173.8277051	22.00654189	607.6941271	28.58830014	5.75993751	27.00386973	239	PrevRBactP	1	St.Chronic.DM104.2.T
St.Chronic.DM104.3.T	DM104.3	DM104	Agrarian	3	2.5567832	Positive	66	31	103	4.2	12.4	3	84	AATGCGCGTATA	GTGYCAGCMGCCGCGGTAA	515rcbc32	1566.945	1326.441	59.9795	20.7845	233.706	33.3895	973.801	26.3485	45.21837006	15.66937391	176.1902716	25.17224664	734.1457328	19.86405728	6.347393822	23.84467308	214	PrevRBactP	1	St.Chronic.DM104.3.T
St.Chronic.DM106.1.T	DM106.1	DM106	Western	1	0.3059564	Positive	105	58	119	4.4	13.3	2	80	TTACACAAAGGC	GTGYCAGCMGCCGCGGTAA	515rcbc68	6831.59	2085.55	94.49	83.53	255.86	32.44	4499.55	89	45.30699336	40.0517849	122.6822661	15.55464985	2157.488432	42.67459423	5.304206593	13.18941824	123	BactRPrevP	3	St.Chronic.DM106.1.T
St.Chronic.DM106.2.T	DM106.2	DM106	Western	2	0.3627596	Positive	119	50	131	3.4	13.2	4	78	AATGTTCAACTT	GTGYCAGCMGCCGCGGTAA	515rcbc134	1597.465	1935.822143	73.43357143	65.17857143	268.9214286	16.78714286	3095.28	109.3107143	37.93404869	33.66971065	138.9184588	8.671841532	1598.948546	56.46733337	5.23624176	14.52859856	138	BactRPrevP	3	St.Chronic.DM106.2.T
St.Chronic.DM106.3.T	DM106.3	DM106	Western	3	0.3627596	Positive	123	45	89	3.7	12.6	4	90	GTCATGCTCCAG	GTGYCAGCMGCCGCGGTAA	515rcbc88	2593.542	2313.304	93.195	87.897	300.103	27.3965	3914.8135	136.684	40.28653389	37.99630312	129.7291666	11.84301761	1692.303951	59.08605181	5.439940537	17.54509363	161	BactRPrevP	3	St.Chronic.DM106.3.T
St.Chronic.DM107.1.T	DM107.1	DM107	Agrarian	1	1.2761256	Positive	111	60	118	2.8	13.9	2	88	ATGCTGCAACAC	GTGYCAGCMGCCGCGGTAA	515rcbc13	6733.85	8436.15	372.46	337.95	988.9	54.51	12293.89	529.31	44.15047148	40.05974289	117.2217184	6.461478281	1457.286796	62.74307593	5.529818047	20.66309856	165	PrevRBactP	2	St.Chronic.DM107.1.T
St.Chronic.DM107.2.T	DM107.2	DM107	Agrarian	2	1.6689768	Positive	232	42	87	2.7	12	13	70	CTTAGTGCAGAA	GTGYCAGCMGCCGCGGTAA	515rcbc43	1987.094	2162.353571	78.79142857	35.905	375.9714286	50.53071429	1396.505	52.835	36.43780999	16.60459255	173.8713934	23.36838663	645.8263896	24.43402443	5.64380407	20.92022983	183	PrevRBactP	2	St.Chronic.DM107.2.T
St.Chronic.DM107.3.T	DM107.3	DM107	Agrarian	3	1.2597568	Positive	192	53	92	4.3	18	8	88	ATACATGCAAGA	GTGYCAGCMGCCGCGGTAA	515rcbc42	1400.1375	1792.5445	94.168	62.8135	227.4505	32.7615	2913.376	63.4045	52.53314492	35.04152896	126.8869476	18.27653372	1625.274017	35.37122788	5.650583272	20.36022501	192	PrevRBactP	2	St.Chronic.DM107.3.T
St.Chronic.DM109.1.T	DM109.1	DM109	Western	1	1.9063244	Positive	182	46	99	15	4.8	10	93	GTCAGGTGCGGC	GTGYCAGCMGCCGCGGTAA	515rcbc154	5331.32	2819.77	122.91	96.61	360.83	9.75	3118.62	278.13	43.58866149	34.26165964	127.9643375	3.457728822	1105.983821	98.63570433	6.797369201	33.35703593	317	PrevRBactP	1	St.Chronic.DM109.1.T
St.Chronic.DM109.2.T	DM109.2	DM109	Western	2	2.8720836	Positive	NA	NA	NA	NA	NA	NA	NA	AGCGCGGCGAAT	GTGYCAGCMGCCGCGGTAA	515rcbc142	1815.185714	2539.508571	95.83428571	85.28928571	351.5257143	19.33285714	3194.684286	144.4657143	37.73733501	33.58495682	138.422732	7.612833979	1257.99311	56.88727178	6.242211667	27.53754497	258	PrevRBactP	1	St.Chronic.DM109.2.T
St.Chronic.DM109.3.T	DM109.3	DM109	Western	3	2.0045372	Positive	121	44	84	18.2	3.8	16	95	CCACGAGCAGGC	GTGYCAGCMGCCGCGGTAA	515rcbc169	2664.9575	2631.424	136.5685	134.611	236.383	21.8075	3708.7165	156.796	51.89908582	51.15519202	89.83082924	8.287337958	1409.395255	59.58598842	6.866191804	34.83133405	343	PrevRBactP	1	St.Chronic.DM109.3.T
St.Chronic.DM114.1.T	DM114.1	DM114	Western	1	2.0700124	Positive	60	63	70	46.9	12.2	4	86	ACTTGGTGTAAG	GTGYCAGCMGCCGCGGTAA	515rcbc57	4944.62	1878.29	90.46	73	220.8	26.72	3804.05	100.97	48.16082714	38.86513797	117.5537324	14.2257053	2025.272988	53.7563422	5.733021223	21.86525372	205	PrevRBactP	2	St.Chronic.DM114.1.T
St.Chronic.DM114.2.T	DM114.2	DM114	Western	2	3.33041	Positive	108	60	85	40.4	8.6	4	93	TAATCTCGCCGG	GTGYCAGCMGCCGCGGTAA	515rcbc38	2442.472	2740.726667	104.3566667	92.61666667	381.5033333	24.93	3229.868	165.8326667	38.07627661	33.7927411	139.197877	9.096127791	1178.471403	60.50682422	5.899221109	20.40773139	181	PrevRBactP	3	St.Chronic.DM114.2.T
St.Chronic.DM114.3.T	DM114.3	DM114	Western	3	NA	Positive	NA	NA	NA	NA	NA	NA	NA	AATGGTTCAGCA	GTGYCAGCMGCCGCGGTAA	515rcbc91	1406.9865	1901.329	60.2685	80.906	245.501	11.675	1895.3705	123.21	31.69809118	42.55234102	129.1207361	6.140441765	996.8661394	64.8020411	6.493459456	25.88615364	270	PrevRBactP	3	St.Chronic.DM114.3.T
St.Chronic.DM116.1.T	DM116.1	DM116	Western	1	5.3192192	Positive	114	47	102	22.6	16.5	7	103	ATCGTAGTGGTC	GTGYCAGCMGCCGCGGTAA	515rcbc161	NA	NA	NA	NA	NA	NA	NA	NA	NA	NA	NA	NA	NA	NA	6.310027901	30.65661818	291	PrevRBactP	1	St.Chronic.DM116.1.T
St.Chronic.DM116.2.T	DM116.2	DM116	Western	2	5.0982404	Positive	144	45	82	15.7	10.3	3	88	CATGTCTTCCAT	GTGYCAGCMGCCGCGGTAA	515rcbc106	1894.274286	2520.494286	95.54	84.70857143	349.8871429	24.15142857	2982.995714	135.23	37.90526348	33.60792044	138.8168761	9.58202076	1183.496321	53.6521748	6.758746672	35.77226094	345	PrevRBactP	1	St.Chronic.DM116.2.T
St.Chronic.DM116.3.T	DM116.3	DM116	Western	3	3.0685092	Positive	152	41	97	29.4	12.8	5	99	TGATGTGCTAAG	GTGYCAGCMGCCGCGGTAA	515rcbc48	2112.851	3297.65	86.161	178.5555	357.588	14.059	2483.982	233.399	26.12800024	54.14628599	108.4372204	4.263339044	753.2582293	70.77737176	6.087249237	27.35558915	274	PrevRBactP	1	St.Chronic.DM116.3.T
St.Chronic.DM117.1.T	DM117.1	DM117	Western	1	4.76268	Positive	430	37	138	29.8	8.7	11	86	GTTCATTAAACT	GTGYCAGCMGCCGCGGTAA	515rcbc108	2169.05	1557.46	58.13	61.6	191.99	21.56	3348.84	53.77	37.32359098	39.55157757	123.2712237	13.84305215	2150.193263	34.52416113	5.533734097	22.39629646	191	PrevRBactP	1	St.Chronic.DM117.1.T
St.Chronic.DM117.2.T	DM117.2	DM117	Western	2	4.4680416	Positive	NA	NA	NA	NA	NA	NA	NA	GCGATCACACCT	GTGYCAGCMGCCGCGGTAA	515rcbc64	1888.25	2794.327143	105.2042857	93.69428571	386.105	24.90214286	3289.617143	151.4414286	37.64923731	33.53017772	138.1745874	8.91167769	1177.248395	54.19602675	5.483143847	24.18978292	203	PrevRBactP	1	St.Chronic.DM117.2.T
St.Chronic.DM117.3.T	DM117.3	DM117	Western	3	4.2552472	Positive	NA	NA	NA	NA	NA	NA	NA	CTCTGAGGTAAC	GTGYCAGCMGCCGCGGTAA	515rcbc105	1472.353	1730.2865	56.8795	37.5815	297.939	24.929	3609.1045	82.969	32.87287972	21.71981345	172.1905592	14.40744062	2085.842142	47.95101852	5.836169553	27.11650185	253	PrevRBactP	1	St.Chronic.DM117.3.T
St.Neg.DM033.1	DM033.1	DM033	Western	1	17.828282	Negative	204	50	69	16.4	5.9	10	103	CGCAGATTAGTA	GGACTACHVGGGTWTCTAAT	806rcbc170	4384.56	2301.03	89.54	81.71	277.44	14.94	4235.95	160.17	38.91300852	35.51018457	120.5720916	6.492744554	1840.892991	69.60795818	4.104425179	14.11343069	91	PrevRBactP	1	St.Neg.DM033.1
St.Neg.DM033.2	DM033.2	DM033	Western	2	12.4720088	Negative	153	51	91	19.9	8.8	10	101	TTGATCCGGTAG	GGACTACHVGGGTWTCTAAT	806rcbc177	1751.660714	2349.906429	89.40142857	79.48928571	327.7492857	22.9	3082.288571	131.9835714	38.04467594	33.82657486	139.4733347	9.745068877	1311.664385	56.16545826	4.614725436	18.9728251	162	PrevRBactP	1	St.Neg.DM033.2
St.Neg.DM035.1	DM035.1	DM035	Agrarian	1	8.5825988	Negative	726	36	93	9.5	11.4	4	361	GCACACCTGATA	GGACTACHVGGGTWTCTAAT	806rcbc108	451.82	336.83	17.28	12.58	39.53	2.64	713.29	15.99	51.30184366	37.3482172	117.3589051	7.83778167	2117.655791	47.47201853	5.992526587	24.26347314	232	PrevRBactP	2	St.Neg.DM035.1
St.Neg.DM035.2	DM035.2	DM035	Agrarian	2	13.4276924	Negative	402	31	114	7.7	9	4	389	AGTAGCGGAAGA	GGACTACHVGGGTWTCTAAT	806rcbc120	2012.313571	2213.555714	83.20142857	36.90214286	387.6092857	48.015	1602.68	63.81	37.58723037	16.67097992	175.1070837	21.69134469	724.029664	28.82692294	6.240251031	27.52662055	258	PrevRBactP	2	St.Neg.DM035.2
St.Neg.DM035.3	DM035.3	DM035	Agrarian	3	2.8707224	Negative	458	33	102	9.1	5.1	37	294	GCGACAATTACA	GGACTACHVGGGTWTCTAAT	806rcbc109	1237.711	1293.8835	71.258	27.558	198.9685	31.197	570.9065	22.6915	55.07296445	21.29867179	153.7762094	24.1111352	441.2348562	17.537514	5.901060252	23.57617388	220	PrevRBactP	2	St.Neg.DM035.3
St.Neg.DM037.1	DM037.1	DM037	Western	1	7.9361208	Negative	61	31	121	9	11.6	24	111	CGTGATCCGCTA	GGACTACHVGGGTWTCTAAT	806rcbc139	4405.77	1743.11	86.53	60.8	210.5	11.09	2352.69	133.27	49.64115862	34.88018542	120.7611683	6.362191715	1349.70828	76.45530116	5.987790581	22.40440495	225	PrevRBactP	1	St.Neg.DM037.1
St.Neg.DM037.2	DM037.2	DM037	Western	2	3.7246644	Negative	65	28	133	6.8	10.2	2	65	TTAGAGCCATGC	GGACTACHVGGGTWTCTAAT	806rcbc144	1792.019286	2391.88	91.31214286	80.96214286	334.7442857	19.24071429	3285.269286	148.965	38.17588794	33.84874779	139.9502842	8.04418043	1373.509242	62.27946218	6.062905554	26.6779469	253	PrevRBactP	3	St.Neg.DM037.2
St.Neg.DM037.3	DM037.3	DM037	Western	3	4.0041432	Negative	162	64	151	6.5	10	13	92	ATCTACCGAAGC	GGACTACHVGGGTWTCTAAT	806rcbc104	2029.2265	2731.535	106.582	114.44	324.7875	14.4405	6197.0625	161.215	39.01908634	41.89585709	118.9029245	5.286587944	2268.710633	59.01992836	6.403058575	23.17189747	231	PrevRBactP	2	St.Neg.DM037.3
St.Neg.DM045.1	DM045.1	DM045	Western	1	77.2584668	Negative	60	55	88	24.7	4.4	11	93	TGGGTCCCACAT	GGACTACHVGGGTWTCTAAT	806rcbc171	NA	NA	NA	NA	NA	NA	NA	NA	NA	NA	NA	NA	NA	NA	6.208046998	28.8746255	286	PrevRBactP	1	St.Neg.DM045.1
St.Neg.DM045.2	DM045.2	DM045	Western	2	77.4807188	Negative	120	52	73	18	3	8	68	TCGTCAAACCCG	GGACTACHVGGGTWTCTAAT	806rcbc175	1787.55	2539.992143	96.55714286	86.01214286	354.2621429	18.84	3591.056429	149.77	38.01474077	33.86315312	139.473716	7.417345779	1413.806117	58.96474933	5.670977585	23.60661905	207	PrevRBactP	1	St.Neg.DM045.2
St.Neg.DM045.3	DM045.3	DM045	Western	3	79.614338	Negative	67	52	79	13.9	4.3	4	91	AACGTAGGCTCT	GGACTACHVGGGTWTCTAAT	806rcbc173	1630.935	2280.454	99.04	93.3495	259.244	8.2165	4571.3275	94.5775	43.4299486	40.93461214	113.6808723	3.603010629	2004.569046	41.47310141	6.484752351	31.29214027	314	PrevRBactP	1	St.Neg.DM045.3
St.Neg.DM046.1	DM046.1	DM046	Western	1	1.325232	Negative	128	41	123	9.4	8.8	7	90	GAGAGCAACAGA	GGACTACHVGGGTWTCTAAT	806rcbc112	3742.92	1983.36	74.62	76.29	241.12	19.42	3301.83	88.6	37.62302356	38.46502904	121.5714747	9.791464989	1664.765852	44.67166828	5.935152304	28.38377148	273	PrevRBactP	1	St.Neg.DM046.1
St.Neg.DM046.2	DM046.2	DM046	Western	2	1.3988916	Negative	87	44	105	8.8	8	4	78	TTGCCAAGAGTC	GGACTACHVGGGTWTCTAAT	806rcbc119	1784.669286	2489.628571	94.64357143	84.53857143	347.2564286	20.93857143	3345.463571	149.6264286	38.01513708	33.9562987	139.4812192	8.410319382	1343.760113	60.09990016	6.706682524	32.57277823	337	PrevRBactP	1	St.Neg.DM046.2
St.Neg.DM046.3	DM046.3	DM046	Western	3	1.6035016	Negative	123	38	96	8.8	8.2	5	87	GTTCTCTTCTCG	GGACTACHVGGGTWTCTAAT	806rcbc83	1959.35	2157.0875	77.2985	75.3195	297.591	16.128	5334.054	131.9155	35.83466132	34.91722056	137.9596331	7.476748162	2472.803723	61.15445016	6.550065062	31.44847874	339	PrevRBactP	1	St.Neg.DM046.3
St.Neg.DM053.1	DM053.1	DM053	Agrarian	1	NA	Negative	74	53	102	11.7	5.7	3	102	TCATGCTCCATT	GGACTACHVGGGTWTCTAAT	806rcbc110	NA	NA	NA	NA	NA	NA	NA	NA	NA	NA	NA	NA	NA	NA	6.399251207	28.54403951	306	PrevRBactP	2	St.Neg.DM053.1
St.Neg.DM053.2	DM053.2	DM053	Agrarian	2	NA	Negative	NA	NA	NA	NA	NA	NA	NA	GAAACATCCCAC	GGACTACHVGGGTWTCTAAT	806rcbc153	2560.337857	2405.282857	90.68857143	39.83	422.6314286	57.13857143	1448.529286	69.2	37.70391127	16.55938298	175.7096581	23.75544783	602.22825	28.77000507	5.866204361	24.26845715	229	PrevRBactP	2	St.Neg.DM053.2
St.Neg.DM053.3	DM053.3	DM053	Agrarian	3	4.7598644	Negative	120	51	108	19.8	6	4	103	GCATAGCATCAA	GGACTACHVGGGTWTCTAAT	806rcbc142	1877.6425	1003.632	72.5335	15.6845	148.4115	26.7515	486.2235	14.404	72.27101169	15.62774005	147.8744201	26.65469017	484.463927	14.35187399	6.178035836	21.88421901	211	PrevRBactP	2	St.Neg.DM053.3
St.Neg.DM055.1	DM055.1	DM055	Agrarian	1	1.6483364	Negative	32	42	62	7.2	8.3	3	79	ATGTGTGTAGAC	GGACTACHVGGGTWTCTAAT	806rcbc123	1847.59	1016.52	41.87	46.83	86.01	7.35	1698.99	35.32	41.18954866	46.06894109	84.61220635	7.230551293	1671.378822	34.74599614	4.655835286	12.71182477	102	PrevRBactP	1	St.Neg.DM055.1
St.Neg.DM055.2	DM055.2	DM055	Agrarian	2	3.2263256	Negative	65	41	52	8.2	6.4	5	78	GTAAATTCAGGC	GGACTACHVGGGTWTCTAAT	806rcbc159	2315.007143	2420.059286	90.24642857	39.92571429	421.365	52.885	1555.256429	64.89714286	37.29099907	16.49782488	174.1135031	21.85277043	642.6522018	26.81634423	4.208285118	14.19456866	81	PrevRBactP	1	St.Neg.DM055.2
St.Neg.DM055.3	DM055.3	DM055	Agrarian	3	1.8483632	Negative	24	44	48	6.5	7.1	3	75	TACTCGGGAACT	GGACTACHVGGGTWTCTAAT	806rcbc113	1303.808	1460.0555	85.1125	20.427	252.23	42.5525	1268.9255	38.881	58.29401691	13.99056406	172.753707	29.14444006	869.0940173	26.62980962	4.67373419	11.78027576	85	PrevRBactP	2	St.Neg.DM055.3
St.Neg.DM057.1	DM057.1	DM057	Western	1	1.7008524	Negative	71	51	78	7.4	7.9	4	78	AGCTATGTATGG	GGACTACHVGGGTWTCTAAT	806rcbc151	3616.44	1366.1	63.82	59.21	143.99	16.83	1863.46	71.03	46.71693141	43.34236147	105.40224	12.31974233	1364.072908	51.99472952	5.466348252	24.01977822	196	PrevRBactP	2	St.Neg.DM057.1
St.Neg.DM057.2	DM057.2	DM057	Western	2	1.4310108	Negative	153	49	105	5.2	9.3	2	85	TCTGCACTGAGC	GGACTACHVGGGTWTCTAAT	806rcbc169	1978.085714	2457.555714	94.57928571	83.20642857	341.9435714	17.82142857	3305.419286	147.7007143	38.48510338	33.85739257	139.1397027	7.251688524	1345.002787	60.10065751	5.967931895	25.01295887	234	PrevRBactP	2	St.Neg.DM057.2
St.Neg.DM057.3	DM057.3	DM057	Western	3	1.3635504	Negative	56	57	116	8.5	10.5	3	89	CACCTTACCTTA	GGACTACHVGGGTWTCTAAT	806rcbc163	1310.7005	2180.7725	73.114	80.7645	294.4235	13.0035	3586.1625	130.465	33.52665168	37.03481221	135.00881	5.962795294	1644.445947	59.82513077	5.311841356	23.40790368	196	PrevRBactP	1	St.Neg.DM057.3
St.Neg.DM063.1	DM063.1	DM063	Agrarian	1	2.9151396	Negative	86	70	62	6	10	4	87	GACATTGTCACG	GGACTACHVGGGTWTCTAAT	806rcbc129	9704.5	3312.26	151.77	102.19	461.45	41.37	4655.79	290.19	45.82067833	30.85204664	139.3157542	12.48996154	1405.623351	87.61087596	6.057475502	24.70652645	237	PrevRBactP	1	St.Neg.DM063.1
St.Neg.DM063.2	DM063.2	DM063	Agrarian	2	1.874322	Negative	101	55	51	9.3	8.2	3	76	ACTCCTTGTGTT	GGACTACHVGGGTWTCTAAT	806rcbc101	2392.760714	2626.231429	97.46571429	43.45071429	455.2435714	52.94214286	1522.992857	72.98714286	37.11238592	16.54489159	173.3448037	20.15897848	579.9157076	27.79158838	5.987748241	23.94655922	234	PrevRBactP	1	St.Neg.DM063.2
St.Neg.DM063.3	DM063.3	DM063	Agrarian	3	1.6526664	Negative	81	59	48	11.3	9.3	4	77	AGGCTTACGTGT	GGACTACHVGGGTWTCTAAT	806rcbc63	1047.1725	1358.9155	79.8055	41.3995	181.337	35.4335	1221.9895	45.5985	58.72734545	30.4651025	133.4424399	26.07483688	899.238768	33.55506652	5.248335004	23.07028549	220	PrevRBactP	1	St.Neg.DM063.3
DM086.1	DM086.1	DM086	Agrarian	1	7.5199628	Negative	97	57	89	66.8	16.1	7	73	CTTAGTGCAGAA	GTGYCAGCMGCCGCGGTAA	515rcbc43	4095.98	1835.88	72.76	85.67	187.26	14.33	3060.88	76.12	39.63221997	46.66427	102.0001307	7.805521058	1667.25494	41.46240495	5.234331012	24.2927908	240	PrevRBactP	2	DM086.1
DM086.2	DM086.2	DM086	Agrarian	2	4.1117708	Negative	94	41	70	39.8	11.8	5	67	CACGTTTATTCC	GTGYCAGCMGCCGCGGTAA	515rcbc22	2046.137143	2287.455714	85.78714286	38.33071429	400.435	47.99785714	1548.074286	61.47214286	37.50330217	16.75692082	175.056941	20.98307602	676.7668882	26.87358819	5.628051681	25.0411353	249	PrevRBactP	2	DM086.2
DM086.3	DM086.3	DM086	Agrarian	3	4.2111764	Negative	77	48	64	36.7	6.4	4	87	GTGGAGTCTCAT	GTGYCAGCMGCCGCGGTAA	515rcbc36	1823.012	2011.7315	76.026	57.1605	315.894	48.5135	1147.303	77.6695	37.79132553	28.41358303	157.0259252	24.1152957	570.3062263	38.60828346	5.277776991	23.94667924	233	PrevRBactP	2	DM086.3
DM087.1	DM087.1	DM087	Agrarian	1	3.5897436	Negative	130	65	91	4.8	12.2	2	75	ACTAAAGCAAAC	GTGYCAGCMGCCGCGGTAA	515rcbc162	5311.74	4231.4	159.23	188.25	370.65	51.7	6318.4	115.93	37.63057144	44.48882167	87.59512218	12.21817838	1493.217375	27.39755164	5.886150332	19.95290195	195	BactRPrevP	3	DM087.1
DM087.2	DM087.2	DM087	Agrarian	2	4.139064	Negative	174	45	55	4.4	7.8	3	85	CGCACCCATACA	GTGYCAGCMGCCGCGGTAA	515rcbc93	2118.542143	2370.555714	89.38428571	39.69928571	415.19	55.70857143	1404.197857	71.09071429	37.70604723	16.74682669	175.1445864	23.50021604	592.349654	29.98905019	5.216817355	16.04480417	146	BactRPrevP	2	DM087.2
DM087.3	DM087.3	DM087	Agrarian	3	2.404368	Negative	139	69	87	4.5	12.4	2	84	GCTCGAAGATTC	GTGYCAGCMGCCGCGGTAA	515rcbc81	1947.517	1297.402	64.114	46.853	145.9035	30.801	1868.173	35.1115	49.41721995	36.11293955	112.4582049	23.74052144	1439.933806	27.06293038	5.140732324	16.97436075	158	BactRPrevP	2	DM087.3
DM088.1	DM088.1	DM088	Agrarian	1	2.5141808	Negative	55	51	98	40.2	10.3	5	81	GTGCCATAATCG	GTGYCAGCMGCCGCGGTAA	515rcbc94	2602.64	2522.85	100.1	120.78	274.11	29.68	3307.07	129.37	39.67734903	47.87442773	108.6509305	11.76447272	1310.84686	51.27930713	6.259405493	25.63266289	267	PrevRBactP	2	DM088.1
DM088.2	DM088.2	DM088	Agrarian	2	1.5343256	Negative	67	44	104	40.5	9.4	4	82	CCTAACGGTCCA	GTGYCAGCMGCCGCGGTAA	515rcbc3	1552.88	1718.215714	64.30071429	28.43142857	300.6307143	38.27142857	1423.291429	46.87428571	37.42295787	16.54706585	174.9668053	22.273937	828.354331	27.28079212	6.031845133	24.70021898	252	PrevRBactP	2	DM088.2
DM088.3	DM088.3	DM088	Agrarian	3	1.5130244	Negative	55	56	111	42.6	12.7	5	84	GACTCAACCAGT	GTGYCAGCMGCCGCGGTAA	515rcbc8	1349.206	1133.276	78.0755	36.499	133.036	19.9505	1052.947	55.058	68.89363227	32.20662928	117.3906445	17.60427292	929.1178848	48.58304597	6.169379912	25.55439171	263	PrevRBactP	2	DM088.3
St.Neg.DM093.1.HR	DM093.1	DM093	Western	1	12.9659696	Negative	61	81	30	5.3	10.7	5.3	81	TATGCCAGAGAT	GTGYCAGCMGCCGCGGTAA	515rcbc27	NA	NA	NA	NA	NA	NA	NA	NA	NA	NA	NA	NA	NA	NA	6.029542706	27.20315486	242	PrevRBactP	2	St.Neg.DM093.1.HR
St.Neg.DM093.2.HR	DM093.2	DM093	Western	2	7.7400752	Negative	55	25	71	3.4	7.1	3	80	AATCTTGCGCCG	GTGYCAGCMGCCGCGGTAA	515rcbc44	1847.835714	2584.005714	96.57285714	86.12285714	355.3371429	17.16428571	3088.777143	149.4521429	37.37331408	33.32920538	137.5140701	6.642510742	1195.344548	57.83738868	6.15222605	26.17108111	234	PrevRBactP	2	St.Neg.DM093.2.HR
St.Neg.DM093.3.HR	DM093.3	DM093	Western	3	5.1697304	Negative	70	27	69	6.4	10.3	5	88	CATTTCGCACTT	GTGYCAGCMGCCGCGGTAA	515rcbc128	2398.9145	3294.2755	100.4255	136.385	420.123	20.8655	4310.113	137.6905	30.48485168	41.40060538	127.531228	6.333866126	1308.364464	41.79689889	6.105471653	26.96927794	253	PrevRBactP	2	St.Neg.DM093.3.HR
St.Neg.DM096.1.HR	DM096.1	DM096	Western	1	2.0092428	Negative	77	39	103	12.6	16	4	80	ATGTGCTGCTCG	GTGYCAGCMGCCGCGGTAA	515rcbc157	NA	NA	NA	NA	NA	NA	NA	NA	NA	NA	NA	NA	NA	NA	5.910134621	25.64541142	232	BactRPrevP	3	St.Neg.DM096.1.HR
St.Neg.DM096.2.HR	DM096.2	DM096	Western	2	1.681578	Negative	104	28	96	7.8	8.1	5	80	ATATGTTCTCAA	GTGYCAGCMGCCGCGGTAA	515rcbc156	1606.685714	2257.105	85.75571429	76.02571429	313.5235714	17.20785714	3138.585	132.2792857	37.99367521	33.68284341	138.9051778	7.623862046	1390.535664	58.60572978	5.455111503	21.01280268	176	BactRPrevP	3	St.Neg.DM096.2.HR
St.Neg.DM096.3.HR	DM096.3	DM096	Western	3	1.633392	Negative	85	34	100	10.9	12.9	4	78	TAGGAACTCACC	GTGYCAGCMGCCGCGGTAA	515rcbc163	2211.6085	3038.622	82.1015	116.734	363.628	25.063	2915.401	174.6265	27.01931994	38.41675602	119.6687183	8.248146693	959.4483947	57.46897771	6.09877847	25.50046423	244	BactRPrevP	3	St.Neg.DM096.3.HR
St.Neg.DM099.1.HR	DM099.1	DM099	Agrarian	1	1.6623036	Negative	181	39	151	13	10	5	93	CAAAGGAGCCCG	GTGYCAGCMGCCGCGGTAA	515rcbc171	NA	NA	NA	NA	NA	NA	NA	NA	NA	NA	NA	NA	NA	NA	4.999437396	18.81694962	147	BactRPrevP	3	St.Neg.DM099.1.HR
St.Neg.DM099.2.HR	DM099.2	DM099	Agrarian	2	2.0092428	Negative	205	38	125	12.1	9.1	7	82	CTGACACGAATA	GTGYCAGCMGCCGCGGTAA	515rcbc123	1891.241429	2159.160714	80.475	36.005	376.4614286	47.61857143	1394.960714	59.49071429	37.27142656	16.67546087	174.3554457	22.05420426	646.0661798	27.55270318	5.394415259	18.57236117	157	BactRPrevP	2	St.Neg.DM099.2.HR
St.Neg.DM099.3.HR	DM099.3	DM099	Agrarian	3	6.5098152	Negative	116	41	113	9	9.3	5	87	TCATGGCCTCCG	GTGYCAGCMGCCGCGGTAA	515rcbc145	1476.25	1484.5745	64.263	31.642	252.16	33.3415	313.2385	33.8885	43.28715063	21.31385121	169.8533822	22.45862367	210.9954738	22.82707941	5.139589743	16.57291391	128	BactRPrevP	2	St.Neg.DM099.3.HR
St.Neg.DM100.1.HR	DM100.1	DM100	Agrarian	1	2.641988	Negative	71	49	112	9.3	5.7	3	88	ATTACGTATCAT	GTGYCAGCMGCCGCGGTAA	515rcbc58	3114.1	2964.65	136.3	125.47	315.07	20.2	5176.36	120.26	45.97507294	42.3220279	106.2756143	6.813620495	1746.027356	40.5646535	5.453736024	19.94485523	156	PrevRBactP	2	St.Neg.DM100.1.HR
St.Neg.DM100.2.HR	DM100.2	DM100	Agrarian	2	2.5212812	Negative	77	48	91	11.4	6.3	7	82	TCCATACCGGAA	GTGYCAGCMGCCGCGGTAA	515rcbc1	2091.231429	2467.213571	92.45357143	40.93071429	430.1628571	56.31928571	1471.859286	70.64	37.47286919	16.58985455	174.3516906	22.82708168	596.5674406	28.63148972	5.364326908	19.36769431	167	PrevRBactP	2	St.Neg.DM100.2.HR
St.Neg.DM100.3.HR	DM100.3	DM100	Agrarian	3	3.068012	Negative	98	53	104	14.7	8.1	8	85	TACTAACGCGGT	GTGYCAGCMGCCGCGGTAA	515rcbc63	1247.295	1075.5615	50.389	17.6555	182.868	25.8415	792.514	22.5725	46.84901793	16.41514688	170.0209611	24.02605523	736.8374565	20.98671252	5.57985652	16.38299643	138	PrevRBactP	2	St.Neg.DM100.3.HR
St.Neg.DM108.1.HR	DM108.1	DM108	Western	1	1.7402372	Negative	63	46	172	14.2	7.7	4	93	CCGGCGACAGAA	GTGYCAGCMGCCGCGGTAA	515rcbc137	8111.77	4475.95	167.69	182.09	489.5	24.63	6370.93	237.03	37.4646723	40.68186642	109.3622583	5.502742435	1423.369341	52.95635563	6.823495163	36.13478399	359	PrevRBactP	1	St.Neg.DM108.1.HR
St.Neg.DM108.2.HR	DM108.2	DM108	Western	2	1.6763336	Negative	NA	NA	NA	NA	NA	NA	NA	CGTCCGTATGAA	GTGYCAGCMGCCGCGGTAA	515rcbc16	1792.24	2570.898571	97.49714286	86.66071429	357.4914286	22.18857143	3017.904286	143.3014286	37.92337198	33.70833655	139.0531048	8.630667765	1173.871392	55.73982193	6.52210214	32.91279298	299	PrevRBactP	1	St.Neg.DM108.2.HR
St.Neg.DM108.3.HR	DM108.3	DM108	Western	3	1.3071128	Negative	76	50	161	12.6	8.2	3	97	TATCATATTACG	GTGYCAGCMGCCGCGGTAA	515rcbc98	2079.509	2601.3455	82.969	102.1635	348.7365	23.0235	3231.6555	150.552	31.89464837	39.2733299	134.060047	8.850612116	1242.301532	57.87466525	6.17678647	30.7001627	279	PrevRBactP	1	St.Neg.DM108.3.HR
St.Neg.DM110.1.HR	DM110.1	DM110	Agrarian	1	2.3508716	Negative	269	34	105	17.5	6.4	7	86	TTGAACAAGCCA	GTGYCAGCMGCCGCGGTAA	515rcbc155	5394.89	2822.57	92.94	145.53	290.2	20.22	4260.05	128.62	32.92743847	51.55939445	102.814102	7.16368416	1509.280549	45.56840043	5.684010747	20.60526408	181	PrevRBactP	2	St.Neg.DM110.1.HR
St.Neg.DM110.2.HR	DM110.2	DM110	Agrarian	2	1.8751448	Negative	116	34	113	21.1	3.8	6	87	TATTTGATTGGT	GTGYCAGCMGCCGCGGTAA	515rcbc82	2452.35	2566.867143	96.73857143	43.24785714	451.8671429	59.28571429	1625.765	75.70642857	37.68740883	16.84849848	176.0383836	23.09652623	633.3654644	29.49370745	5.176013373	20.84873085	161	PrevRBactP	2	St.Neg.DM110.2.HR
St.Neg.DM110.3.HR	DM110.3	DM110	Agrarian	3	1.6692332	Negative	144	37	117	19.9	5.2	5	94	CAGGAACCAGGA	GTGYCAGCMGCCGCGGTAA	515rcbc159	2241.977	1113.514	42.211	31.433	183.936	38.493	2025.7905	37.059	37.90792033	28.22865272	165.1851706	34.56894121	1819.277081	33.28112624	6.065447609	23.67566547	203	PrevRBactP	2	St.Neg.DM110.3.HR
St.Neg.DM112.1.HR	DM112.1	DM112	Agrarian	1	2.9899076	Negative	147	51	187	9.1	10.8	6	80	ACTCCCGTGTGA	GTGYCAGCMGCCGCGGTAA	515rcbc85	8132.21	2670.07	117.98	122.07	284.96	23.38	4850.25	136.64	44.18610748	45.71790253	106.7237938	8.756324741	1816.525409	51.1746883	6.747069142	32.2322399	300	PrevRBactP	1	St.Neg.DM112.1.HR
St.Neg.DM112.2.HR	DM112.2	DM112	Agrarian	2	5.2975376	Negative	121	37	128	6.9	6.2	4	81	TGAGACCCTACA	GTGYCAGCMGCCGCGGTAA	515rcbc56	2209.606429	2229.977857	83.82142857	37.58142857	392.2271429	51.64642857	1507.372857	64.62714286	37.5884578	16.85282589	175.8883576	23.16006341	675.9586658	28.98106932	6.383453094	34.22358988	313	PrevRBactP	1	St.Neg.DM112.2.HR
St.Neg.DM112.3.HR	DM112.3	DM112	Agrarian	3	3.4372328	Negative	138	46	173	8.8	7.3	7	85	AGATGTCCGTCA	GTGYCAGCMGCCGCGGTAA	515rcbc131	1152.8	1393.112	54.5535	55.8795	184.0225	23.6105	1148.644	52.18	39.15945021	40.11127605	132.094548	16.94802715	824.5166218	37.45571067	6.904869196	36.58968896	356	PrevRBactP	1	St.Neg.DM112.3.HR
St.Neg.DM113.1.HR	DM113.1	DM113	Agrarian	1	3.352028	Negative	83	72	93	9.7	8.4	2	80	GTGGAGTCTCAT	GTGYCAGCMGCCGCGGTAA	515rcbc36	NA	NA	NA	NA	NA	NA	NA	NA	NA	NA	NA	NA	NA	NA	6.650222299	33.60453196	320	PrevRBactP	1	St.Neg.DM113.1.HR
St.Neg.DM113.2.HR	DM113.2	DM113	Agrarian	2	17.2404104	Negative	63	55	55	6.3	6.2	1	76	AACAGTAAACAA	GTGYCAGCMGCCGCGGTAA	515rcbc107	2126.282857	2357.481429	88.44	39.44714286	411.5978571	53.06642857	1326.234286	58.68571429	37.51461154	16.73274808	174.5921949	22.50979708	562.5640438	24.8933941	6.950473903	37.58756107	377	PrevRBactP	1	St.Neg.DM113.2.HR
St.Neg.DM113.3.HR	DM113.3	DM113	Agrarian	3	NA	Negative	85	52	92	7.6	9.3	3	71	CGCGCCTTAAAC	GTGYCAGCMGCCGCGGTAA	515rcbc4	1263.7	1094.543	50.0925	14.251	196.412	26.275	235.8075	17.0815	45.76567572	13.02004581	179.4465818	24.0054525	215.439229	15.60605659	7.005636805	36.11064501	346	PrevRBactP	1	St.Neg.DM113.3.HR
St.Neg.DM115.1.HR	DM115.1	DM115	Western	1	2.8123976	Negative	53	48	94	29.5	11.6	15	100	CTCGCCCTCGCC	GTGYCAGCMGCCGCGGTAA	515rcbc51	NA	NA	NA	NA	NA	NA	NA	NA	NA	NA	NA	NA	NA	NA	6.626069672	27.60377847	263	PrevRBactP	1	St.Neg.DM115.1.HR
St.Neg.DM115.2.HR	DM115.2	DM115	Western	2	4.8928148	Negative	72	39	57	14.5	6.4	4	84	GGATACTCGCAT	GTGYCAGCMGCCGCGGTAA	515rcbc133	2234.962143	2511.705714	94.71428571	84.40785714	346.9657143	19.23714286	3073.53	142.79	37.70914927	33.60579094	138.1394772	7.658995537	1223.68237	56.84981293	6.898986312	35.80539533	366	PrevRBactP	1	St.Neg.DM115.2.HR
St.Neg.DM115.3.HR	DM115.3	DM115	Western	3	3.0254096	Negative	92	43	77	37.3	10.4	17	100	ACGGTACCCTAC	GTGYCAGCMGCCGCGGTAA	515rcbc101	2196.346	2304.923	101.251	83.7265	295.045	28.1055	3227.7895	116.6085	43.92814858	36.32507463	128.0064453	12.19368283	1400.389297	50.59106096	6.728413713	36.38560428	369	PrevRBactP	1	St.Neg.DM115.3.HR
St.neg.DM004.1	DM004.1	DM004	Western	1	2.3373176	Negative	66	48	142	3.7	6.9	6	117	ACGAGACTGATT	GGACTACHVGGGTWTCTAAT	806rcbc1	6695.92	5590.09	248.76	237.19	601.61	39.19	8564.1	263.33	44.50017799	42.43044387	107.6208075	7.01062058	1532.01469	47.1065761	5.048402155	35.94177909	358	PrevRBactP	2	St.neg.DM004.1
St.neg.DM004.2	DM004.2	DM004	Western	2	NA	Negative	68	56	118	1.2	4.2	4	95	GCGATATATCGC	GGACTACHVGGGTWTCTAAT	806rcbc24	2067.942857	2305.39	87.305	77.50857143	321.3514286	20.26928571	3212.090714	133.9885714	37.86994825	33.62058976	139.3913518	8.792128757	1393.296021	58.11969837	4.78479441	33.20729915	282	PrevRBactP	2	St.neg.DM004.2
St.neg.DM004.3	DM004.3	DM004	Western	3	2.0928404	Negative	NA	NA	NA	NA	NA	NA	NA	ACCGGTATGTAC	GGACTACHVGGGTWTCTAAT	806rcbc10	2071.47	2359.1835	103.3735	105.878	261.177	21.3925	3984.714	106.175	43.81749025	44.87908634	110.706522	9.067755857	1689.022494	45.00497736	5.122616589	39.35401091	363	PrevRBactP	2	St.neg.DM004.3
St.neg.DM005.1	DM005.1	DM005	Agrarian	1	6.0711512	Negative	281	36	136	13.7	5	5	95	AGTGTTTCGGAC	GGACTACHVGGGTWTCTAAT	806rcbc160	10117.91	3632.87	144.28	128.23	477.59	32.64	5865	267.41	39.71515634	35.29716175	131.4635536	8.984631985	1614.42606	73.60846934	5.086985296	22.46146178	184	PrevRBactP	2	St.neg.DM005.1
St.neg.DM005.2	DM005.2	DM005	Agrarian	2	13.3165664	Negative	NA	NA	NA	NA	NA	NA	NA	CCAATACGCCTG	GGACTACHVGGGTWTCTAAT	806rcbc19	1584.52	2177.202143	86.08928571	37.97428571	397.5121429	53.24857143	1479.637857	63.24571429	39.54124609	17.44178226	182.5793458	24.45733925	679.6051814	29.04907773	4.794520305	21.42544912	185	PrevRBactP	2	St.neg.DM005.2
St.neg.DM005.3	DM005.3	DM005	Agrarian	3	6.9601592	Negative	151	39	113	7	3.7	5	96	AGGCTTACGTGT	GGACTACHVGGGTWTCTAAT	806rcbc63	2077.5485	1954.0555	90.5	65.8115	253.989	30.4995	2081.814	102.6105	46.3139353	33.67944257	129.9804432	15.60830795	1065.381203	52.51155865	5.15560417	24.99025546	212	PrevRBactP	2	St.neg.DM005.3
St.neg.DM008.1	DM008.1	DM008	Agrarian	1	2.9596232	Negative	198	57	70	5.4	4.6	4	87	ACTTGGTGTAAG	GGACTACHVGGGTWTCTAAT	806rcbc105	9940.61	9370.56	474.4	402.84	963.84	117.03	22146.3	372.89	50.62664345	42.98996005	102.8583137	12.48911484	2363.391302	39.79377967	6.541370682	39.52664486	407	PrevRBactP	1	St.neg.DM008.1
St.neg.DM008.2	DM008.2	DM008	Agrarian	2	2.7595964	Negative	129	66	62	4.9	5.2	3	82	GCTCTCCGTAGA	GGACTACHVGGGTWTCTAAT	806rcbc126	1700.401429	2184.057143	83.15142857	35.75928571	386.4564286	57.15357143	1322.72	62.76285714	38.0720023	16.37287093	176.9442846	26.16853301	605.6251799	28.73682007	4.427202084	19.55541179	127	PrevRBactP	3	St.neg.DM008.2
St.neg.DM008.3	DM008.3	DM008	Agrarian	3	4.937666	Negative	147	58	64	4.8	5.1	6	105	GCATAGCATCAA	GGACTACHVGGGTWTCTAAT	806rcbc142	1594.773	1572.5275	77.4125	32.0145	255.932	43.694	2165.1715	77.0325	49.22807391	20.35862648	162.7520027	27.78584158	1376.873536	48.98642472	4.79612373	22.82128411	175	PrevRBactP	3	St.neg.DM008.3
St.neg.DM013.1	DM013.1	DM013	Western	1	9.9605612	Negative	244	31	78	8.8	6.6	3	86	TGTAACGCCGAT	GGACTACHVGGGTWTCTAAT	806rcbc91	10812.99	2709.61	100.38	108.96	302.71	21.3	4214.37	102.77	37.04592174	40.21242909	111.7171844	7.860909873	1555.341913	37.92796749	6.022202893	29.53093804	318	BactRPrevP	3	St.neg.DM013.1
St.neg.DM013.2	DM013.2	DM013	Western	2	7.4268884	Negative	185	29	83	9.7	9.3	7	88	GTGGTGGTTTCC	GGACTACHVGGGTWTCTAAT	806rcbc79	2540.585714	3157.659286	119.2114286	106.0557143	437.7414286	23.49714286	3605.664286	198.9742857	37.75310057	33.58681374	138.6284551	7.441316726	1141.878828	63.01322205	5.977801354	27.48281894	295	BactRPrevP	3	St.neg.DM013.2
St.neg.DM013.3	DM013.3	DM013	Western	3	7.6269152	Negative	249	32	60	12	13.4	6	89	CAGAAATGTGTC	GGACTACHVGGGTWTCTAAT	806rcbc137	1826.864	3022.5295	100.654	142.8485	355.417	22.831	4818.242	173.564	33.30124652	47.26124261	117.5892576	7.553607004	1594.109172	57.42342631	5.443885783	23.83621999	214	BactRPrevP	2	St.neg.DM013.3
St.neg.DM014.1	DM014.1	DM014	Western	1	2.2928672	Negative	85	48	116	9.9	6.9	16	73	AGTTGAGGCATT	GGACTACHVGGGTWTCTAAT	806rcbc58	NA	NA	NA	NA	NA	NA	NA	NA	NA	NA	NA	NA	NA	NA	5.376917036	27.03867966	250	BactRPrevP	3	St.neg.DM014.1
St.neg.DM014.2	DM014.2	DM014	Western	2	3.4485776	Negative	61	46	104	13	12.5	3	81	ATCTACCGAAGC	GGACTACHVGGGTWTCTAAT	806rcbc104	1231.392857	1606.125714	60.66785714	54.07571429	223.21	11.00928571	2861.254286	85.58857143	37.77279487	33.66841948	138.9741774	6.854560397	1781.463468	53.28883702	5.752024127	28.69634671	297	BactRPrevP	3	St.neg.DM014.2
St.neg.DM014.3	DM014.3	DM014	Western	3	4.3153604	Negative	100	52	106	10	12.9	2	88	TTAGAGCCATGC	GGACTACHVGGGTWTCTAAT	806rcbc144	1423.366	2183.5155	88.013	88.455	268.585	16.5305	3067.643	104.518	40.30793461	40.51036047	123.0057675	7.570589721	1404.910109	47.86684592	5.466647749	31.18679859	295	BactRPrevP	3	St.neg.DM014.3
St.neg.DM015.1	DM015.1	DM015	Agrarian	1	0	Negative	103	54	100	11.9	6.7	3	82	TCTCTACCACTC	GGACTACHVGGGTWTCTAAT	806rcbc64	3347.4	632.65	30.9	28.81	53.93	6.33	1228.53	16.48	48.84217182	45.53860744	85.24460602	10.00553228	1941.879396	26.0491583	5.989156924	30.62066058	296	BactRPrevP	3	St.neg.DM015.1
St.neg.DM015.2	DM015.2	DM015	Agrarian	2	0.8704544	Negative	106	52	100	17.5	8.3	2	79	CTATCTCCTGTC	GGACTACHVGGGTWTCTAAT	806rcbc51	1635.079286	1744.376429	66.19928571	29.61642857	307.7757143	43.87928571	1254.124286	44.13428571	37.9501148	16.9782325	176.4388175	25.15471145	718.9527817	25.30089549	6.13064378	30.432272	287	BactRPrevP	3	St.neg.DM015.2
St.neg.DM015.3	DM015.3	DM015	Agrarian	3	0.4481756	Negative	134	49	108	18.6	4.5	4	90	GTAGAGGTAGAG	GGACTACHVGGGTWTCTAAT	806rcbc138	1688.889	1549.832	72.075	25.997	241.003	24.8305	1495.5865	40.91	46.50504055	16.77407616	155.5026609	16.02141393	964.9991096	26.39640942	5.803465087	32.80602263	283	BactRPrevP	3	St.neg.DM015.3
St.neg.DM016.1	DM016.1	DM016	Western	1	1.7816876	Negative	62	61	54	8.9	14.6	2	85	TAATACGGATCG	GGACTACHVGGGTWTCTAAT	806rcbc44	3540.69	2018.1	67.18	131.12	165.05	23.64	2191.26	69.81	33.28873693	64.97200337	81.78484713	11.7139884	1085.803479	34.59194292	5.639937027	37.22452343	364	PrevRBactP	2	St.neg.DM016.1
St.neg.DM016.2	DM016.2	DM016	Western	2	1.4038592	Negative	72	62	55	9.4	15.4	5	93	ACAATAGACACC	GGACTACHVGGGTWTCTAAT	806rcbc59	1411.617857	1816.422143	66.215	62.43928571	253.8307143	16.41428571	2550.677857	105.2635714	36.45353051	34.37487588	139.7421383	9.036602961	1404.231867	57.95105055	6.232200097	38.96107921	377	PrevRBactP	2	St.neg.DM016.2
St.neg.DM016.3	DM016.3	DM016	Western	3	1.6927868	Negative	60	75	59	8	18.1	6	93	GCACACCTGATA	GGACTACHVGGGTWTCTAAT	806rcbc108	1066.518	2198.5925	69.742	91.885	285.948	19.928	3209.6305	143.9865	31.72120345	41.79264689	130.0595722	9.063980706	1459.856931	65.490308	3.538695027	23.85456922	184	PrevRBactP	2	St.neg.DM016.3
St.neg.DM017.1	DM017.1	DM017	Western	1	2.270642	Negative	89	51	108	16	22.1	7	86	GAAACATCCCAC	GGACTACHVGGGTWTCTAAT	806rcbc153	2647.71	987.5	43.77	30.38	132.86	9.45	1513.61	56.14	44.32405063	30.76455696	134.5417722	9.569620253	1532.76962	56.85063291	4.206367251	36.14762392	280	BactRPrevP	3	St.neg.DM017.1
St.neg.DM017.2	DM017.2	DM017	Western	2	2.6929208	Negative	92	55	103	33.4	20.3	11	84	CGATGCTGTTGA	GGACTACHVGGGTWTCTAAT	806rcbc148	1840.851429	2283.740714	86.53857143	76.88714286	317.0592857	18.56428571	3213.060714	127.9092857	37.89334353	33.66719452	138.8333114	8.128893792	1406.928858	56.00867249	4.930462154	31.20367921	271	BactRPrevP	3	St.neg.DM017.2
St.neg.DM017.3	DM017.3	DM017	Western	3	3.9597572	Negative	65	52	103	17.9	16.3	2	89	GATCACGAGAGG	GGACTACHVGGGTWTCTAAT	806rcbc158	1769.5385	2378.304	75.6685	117.32	242.997	12.9175	2266.884	149.137	31.81615975	49.32926993	102.1723884	5.431391445	953.1514895	62.70729057	5.99038716	40.1985837	392	BactRPrevP	3	St.neg.DM017.3
St.neg.DM018.1	DM018.1	DM018	Agrarian	1	1.9594892	Negative	35	69	92	7	8.9	3	79	GCGACAATTACA	GGACTACHVGGGTWTCTAAT	806rcbc109	2512.53	458.68	19.71	21.42	48.58	3.94	700.7	22.31	42.97113456	46.69922386	105.9126188	8.589866574	1527.644545	48.63957443	5.977479758	30.83994031	332	BactRPrevP	3	St.neg.DM018.1
St.neg.DM018.2	DM018.2	DM018	Agrarian	2	1.5149852	Negative	31	71	93	10.5	10.7	3	92	TACTACGTGGCC	GGACTACHVGGGTWTCTAAT	806rcbc48	1568.503571	1600.487143	61.79785714	26.80928571	284.8978571	42.49	1338.789286	43.24428571	38.61190477	16.75070358	178.006964	26.54816703	836.4886227	27.01945211	5.984206336	31.44333375	315	BactRPrevP	3	St.neg.DM018.2
St.neg.DM018.3	DM018.3	DM018	Agrarian	3	1.5816608	Negative	53	71	96	9.4	10.6	4	93	TGCAGCAAGATT	GGACTACHVGGGTWTCTAAT	806rcbc134	944.406	1294.183	75.2095	34.018	178.2995	19.918	818.165	40.72	58.11349709	26.28530896	137.769929	15.3904046	632.1864837	31.46386562	5.172766093	27.78276004	241	BactRPrevP	3	St.neg.DM018.3
St.neg.DM021.1	DM021.1	DM021	Agrarian	1	2.2983588	Negative	95	42	112	7.9	7.7	7	100	ATCAGTACTAGG	GGACTACHVGGGTWTCTAAT	806rcbc131	2120.5	1278.19	48.12	54.2	142.15	8.94	2146.38	63.32	37.64698519	42.4037115	111.2119481	6.994265328	1679.233917	49.53880096	5.144769064	25.53843785	237	BactRPrevP	3	St.neg.DM021.1
St.neg.DM021.2	DM021.2	DM021	Agrarian	2	2.8958652	Negative	108	40	133	9.1	9.3	4	93	ACTTCCAACTTC	GGACTACHVGGGTWTCTAAT	806rcbc65	2483.056429	2479.4	94.19785714	40.69785714	435.0492857	60.46	1553.149286	71.82142857	37.99219857	16.41439749	175.4655504	24.38493184	626.4214268	28.96726166	5.872993571	34.16196037	334	BactRPrevP	3	St.neg.DM021.2
St.neg.DM021.3	DM021.3	DM021	Agrarian	3	2.8958652	Negative	129	43	147	10.3	9.4	5	92	ATGCCATGCCGT	GGACTACHVGGGTWTCTAAT	806rcbc128	1216.0815	1285.9835	91.12	33.49	152.159	24.4065	832.6515	33.24	70.85627459	26.0423248	118.3211138	18.97885937	647.4822577	25.84792107	6.003731528	33.93342751	307	BactRPrevP	3	St.neg.DM021.3
St.neg.DM022.1	DM022.1	DM022	Western	1	17.1837512	Negative	73	52	96	64.5	12.5	4	86	ATGGCTGTCAGT	GGACTACHVGGGTWTCTAAT	806rcbc82	9701.71	1660.86	42.85	52.13	260.16	8.46	2327.67	179.24	25.79988681	31.38735354	156.6417398	5.093746613	1401.484773	107.9199933	6.162438095	34.21645236	356	BactRPrevP	3	St.neg.DM022.1
St.neg.DM022.2	DM022.2	DM022	Western	2	20.0063516	Negative	84	46	104	45.7	11.8	3	85	GAATACCAAGTC	GGACTACHVGGGTWTCTAAT	806rcbc15	1339.631429	1816.15	69.79428571	62.17	255.5135714	19.98857143	3024.697857	94.90214286	38.42980245	34.23175399	140.689685	11.00601351	1665.444956	52.25457306	5.673910805	29.25132778	278	BactRPrevP	3	St.neg.DM022.2
St.neg.DM022.3	DM022.3	DM022	Western	3	14.1388988	Negative	75	56	106	57.4	11.7	6	92	ATTCTGCCGAAG	GGACTACHVGGGTWTCTAAT	806rcbc76	1907.183	2803.4535	96.212	118.6845	343.1325	18.3505	4544.3845	143.1975	34.31909964	42.33510561	122.3963586	6.545676609	1620.99514	51.07896386	5.730816198	32.89355853	326	BactRPrevP	3	St.neg.DM022.3
St.neg.DM023.1	DM023.1	DM023	Agrarian	1	1.8550476	Negative	181	61	97	63.8	5.9	7	90	TACCGCTTCTTC	GGACTACHVGGGTWTCTAAT	806rcbc96	3298.55	1786.17	62.69	102.15	156.41	11.73	2803.88	55.38	35.09744313	57.18940526	87.56725284	6.56712407	1569.772194	31.00488755	5.900449432	29.43604902	260	BactRPrevP	3	St.neg.DM023.1
St.neg.DM023.2	DM023.2	DM023	Agrarian	2	2.2887216	Negative	89	54	105	59.1	6.3	8	89	GTACGATATGAC	GGACTACHVGGGTWTCTAAT	806rcbc78	1497.905	1792.634286	68.62214286	29.16285714	317.6714286	37.2	1491.444286	52.83857143	38.28005712	16.26815764	177.2092786	20.75158346	831.9846929	29.47537702	5.341050541	24.77407245	214	BactRPrevP	3	St.neg.DM023.2
St.neg.DM023.3	DM023.3	DM023	Agrarian	3	2.01888	Negative	158	55	141	88.8	14	8	91	CACTCATCATTC	GGACTACHVGGGTWTCTAAT	806rcbc116	936.045	1016.4705	67.8225	27.081	124.816	22.007	865.521	38.4095	66.7235301	26.64218981	122.7935292	21.65040697	851.4964281	37.78712712	5.139065363	30.25918474	274	BactRPrevP	3	St.neg.DM023.3
St.Neg.DM026.1	DM026.1	DM026	Western	1	2.7513072	Negative	84	48	98	13.8	7.2	5	93	ACTTCCAACTTC	GGACTACHVGGGTWTCTAAT	806rcbc65	4021.99	3108.58	155.73	124.55	329.34	34.29	5570.39	112.03	50.09682878	40.06652555	105.9454799	11.03076003	1791.940371	36.03896313	5.840478444	22.24781248	210	BactRPrevP	3	St.Neg.DM026.1
St.Neg.DM026.2	DM026.2	DM026	Western	2	2.2019868	Negative	87	47	114	17.2	7.8	8	94	ATGCCATGCCGT	GGACTACHVGGGTWTCTAAT	806rcbc128	1845.565714	2589.750714	97.49642857	86.67071429	357.52	18.77214286	3315.957857	148.2785714	37.64703222	33.46681741	138.0518974	7.248629281	1280.415848	57.25592452	6.172350861	23.40605014	225	BactRPrevP	3	St.Neg.DM026.2
St.Neg.DM026.3	DM026.3	DM026	Western	3	1.9803312	Negative	81	47	102	16.8	5.2	3	88	GATTCCGGCTCA	GGACTACHVGGGTWTCTAAT	806rcbc70	1457.645	2386.795	115.457	125.247	200.5765	15.0485	5366.261	83.7815	48.37323691	52.47497167	84.03591427	6.30489841	2248.312486	35.10209297	5.999188139	23.36280889	231	BactRPrevP	3	St.Neg.DM026.3
St.neg.DM028.1	DM028.1	DM028	Agrarian	1	1.7104896	Negative	74	64	93	3.7	14.3	6	106	GATTCCGGCTCA	GGACTACHVGGGTWTCTAAT	806rcbc70	6364.42	2253.66	91.34	94.78	281.88	47.72	3411.1	151.99	40.52962736	42.0560333	125.0765422	21.17444512	1513.58235	67.44140642	5.826966961	26.86232719	258	BactRPrevP	3	St.neg.DM028.1
St.neg.DM028.2	DM028.2	DM028	Agrarian	2	2.6838468	Negative	54	55	65	3	12.8	3	110	TAACGTGTGTGC	GGACTACHVGGGTWTCTAAT	806rcbc17	1358.104286	1810.647143	69.03	31.99214286	321.9985714	50.07928571	1078.292857	33.98642857	38.12449061	17.66889975	177.8361801	27.6582248	595.5289861	18.77032127	6.230494648	31.31578035	332	BactRPrevP	3	St.neg.DM028.2
St.neg.DM028.3	DM028.3	DM028	Agrarian	3	2.3176332	Negative	68	61	75	3.6	9.2	5	110	GATCTGCGATCC	GGACTACHVGGGTWTCTAAT	806rcbc20	1136.529	1458.891	46.159	42.5575	238.8565	35.1465	204.7615	74.4025	31.63978666	29.17113067	163.724706	24.09124465	140.3542143	50.99935499	6.11611712	34.83812907	343	BactRPrevP	3	St.neg.DM028.3
St.neg.DM029.1	DM029.1	DM029	Western	1	1.2189924	Negative	67	59	55	11.9	13.6	5	81	GTTGTTCTGGGA	GGACTACHVGGGTWTCTAAT	806rcbc86	3195.9	1588.5	71.08	70.7	135.78	12.56	2901.35	52	44.7466163	44.50739692	85.47686497	7.906830343	1826.471514	32.73528486	5.677924976	40.41904005	356	BactRPrevP	3	St.neg.DM029.1
St.neg.DM029.2	DM029.2	DM029	Western	2	1.2093552	Negative	57	54	58	13.6	15.1	5	89	TGCATACACTGG	GGACTACHVGGGTWTCTAAT	806rcbc12	1599.635714	2080.985714	78.69071429	69.78642857	288.3714286	17.52785714	3057.512857	110.7814286	37.81415401	33.53527518	138.5744393	8.422862792	1469.26182	53.23507404	5.522581807	32.1443798	273	BactRPrevP	3	St.neg.DM029.2
St.neg.DM029.3	DM029.3	DM029	Western	3	1.4117364	Negative	74	49	61	12.8	12.3	5	84	CGTAATTGCCGC	GGACTACHVGGGTWTCTAAT	806rcbc71	1333.272	2835.919	78.9265	134.981	333.95	18.12	4141.95	130.549	27.83101351	47.59691656	117.757242	6.389463169	1460.531842	46.03410746	5.421516503	29.38036921	274	BactRPrevP	3	St.neg.DM029.3
St.neg.DM031.1	DM031.1	DM031	Agrarian	1	1.633392	Negative	106	64	104	19.7	12.7	3	77	ATGTCACCGCTG	GGACTACHVGGGTWTCTAAT	806rcbc90	3445.75	1602.85	56.68	62.5	199.36	12.62	2205.29	99.54	35.36201142	38.99304364	124.3784509	7.873475372	1375.855507	62.10188102	5.314360436	29.04575437	282	BactRPrevP	3	St.neg.DM031.1
St.neg.DM031.2	DM031.2	DM031	Agrarian	2	1.5081084	Negative	100	55	85	13.5	12.3	5	86	TGCGCTGAATGT	GGACTACHVGGGTWTCTAAT	806rcbc81	1607.983571	1849.051429	69.12642857	31.16642857	322.2121429	43.49142857	1492.890714	47.63785714	37.3848058	16.85536059	174.2580752	23.52094047	807.3819317	25.76340301	5.014052645	24.73134968	218	BactRPrevP	3	St.neg.DM031.2
St.neg.DM031.3	DM031.3	DM031	Agrarian	3	1.4599224	Negative	107	63	91	10.6	10	3	83	AGCATGTCCCGT	GGACTACHVGGGTWTCTAAT	806rcbc77	1381.0945	1052.252	66.6865	40.6095	106.8665	18.107	782.1805	47.417	63.37502804	38.59294161	101.5597975	17.20785515	743.3395232	45.0623995	5.061539264	30.17257158	255	BactRPrevP	3	St.neg.DM031.3
St.Neg.DM042.1	DM042.1	DM042	Western	1	2.1730752	Negative	57	78	102	15.1	16.1	6	82	CGATGCTGTTGA	GGACTACHVGGGTWTCTAAT	806rcbc148	13271.4	3018.72	167.52	155.17	242.71	29.58	6064.15	136.15	55.49371919	51.40258123	80.40162718	9.798855144	2008.848121	45.10189749	5.804854234	22.01892068	211	BactRPrevP	3	St.Neg.DM042.1
St.Neg.DM042.2	DM042.2	DM042	Western	2	1.4599224	Negative	52	74	130	11.7	16.6	3	74	ATGGCTGTCAGT	GGACTACHVGGGTWTCTAAT	806rcbc82	1767.878571	1970.467143	74.35714286	66.01	271.7342857	15.53428571	2990.137143	128.7442857	37.73579434	33.49967049	137.9034848	7.883554806	1517.476276	65.33693606	5.832581621	19.76095953	203	BactRPrevP	3	St.Neg.DM042.2
St.Neg.DM042.3	DM042.3	DM042	Western	3	2.693484	Negative	52	71	97	16.4	17	5	82	GATGTGGTGTTA	GGACTACHVGGGTWTCTAAT	806rcbc136	1414.139	1892.702	92.172	91.566	188.6805	19.283	2590.763	81.2105	48.69863296	48.37845577	99.68843484	10.18808032	1368.817172	42.90717715	5.845042477	20.29646358	196	BactRPrevP	3	St.Neg.DM042.3
St.Neg.DM043.1	DM043.1	DM043	Western	1	2.2230644	Negative	46	39	107	23.5	6.6	3	81	ACGCGAACTAAT	GGACTACHVGGGTWTCTAAT	806rcbc150	4603.22	1611.38	71.08	53.32	216.8	18.51	2785.94	81.73	44.11125867	33.08964987	134.5430625	11.48704837	1728.915588	50.72050044	5.259832484	16.29461972	137	BactRPrevP	3	St.Neg.DM043.1
St.Neg.DM043.2	DM043.2	DM043	Western	2	2.7413936	Negative	53	38	122	24.4	5.6	3	79	AGTGTTTCGGAC	GGACTACHVGGGTWTCTAAT	806rcbc160	1370.111429	1970.002143	74.91714286	66.57285714	274.6257143	16.78857143	3171.761429	111.3585714	38.02896516	33.79329174	139.4037642	8.522108207	1610.029431	56.52713213	5.514130636	19.27730291	164	BactRPrevP	3	St.Neg.DM043.2
St.Neg.DM043.3	DM043.3	DM043	Western	3	2.4573776	Negative	69	35	98	24	6	4	87	TATCTATCCTGC	GGACTACHVGGGTWTCTAAT	806rcbc118	2202.522	2950.8465	110.575	132.042	338.125	16.6485	4245.06	164.0775	37.4722982	44.74715984	114.5857638	5.641940372	1438.590587	55.60353614	5.850988532	20.79366108	179	BactRPrevP	3	St.Neg.DM043.3
St.Neg.DM049.1	DM049.1	DM049	Agrarian	1	2.8692008	Negative	98	71	100	58.7	6.5	7	92	CGTACTCTCGAG	GGACTACHVGGGTWTCTAAT	806rcbc154	2446.33	667.06	23.07	27.7	77.49	5.57	996.25	44.8	34.58459509	41.52549996	116.1664618	8.350073457	1493.493839	67.16037538	5.136092497	17.99618265	151	BactRPrevP	3	St.Neg.DM049.1
St.Neg.DM049.2	DM049.2	DM049	Agrarian	2	3.0538112	Negative	92	62	96	56.2	7.5	6	8.4	ACGGGTCATCAT	GGACTACHVGGGTWTCTAAT	806rcbc152	1537.702143	1688.745714	62.695	27.915	293.54	33.725	1606.875714	50.68285714	37.12518674	16.53001974	173.8213146	19.97044298	951.5202323	30.01213073	5.187987694	18.18055944	151	BactRPrevP	3	St.Neg.DM049.2
St.Neg.DM049.3	DM049.3	DM049	Agrarian	3	2.5212812	Negative	85	70	84	34.5	8	3	90	TCACCTCCTTGT	GGACTACHVGGGTWTCTAAT	806rcbc107	1577.298	1077.952	72.1355	25.7595	143.473	24.16	1085.1775	16.577	66.91902793	23.89670412	133.0977632	22.41287182	1006.702989	15.37823577	4.985227809	15.92431697	127	BactRPrevP	3	St.Neg.DM049.3
St.Neg.DM050.1	DM050.1	DM050	Agrarian	1	1.585206	Negative	99	50	72	6.2	7.2	3	79	CGTGACAATAGT	GGACTACHVGGGTWTCTAAT	806rcbc166	4639.88	2490.25	100.5	105.91	248.96	16.49	3681.92	100.66	40.35739384	42.52986648	99.9738982	6.621825118	1478.534284	40.42164441	5.676863388	21.95546018	187	BactRPrevP	3	St.Neg.DM050.1
St.Neg.DM050.2	DM050.2	DM050	Agrarian	2	1.7586756	Negative	117	42	58	6.1	9.3	3	79	TTAAGACAGTCG	GGACTACHVGGGTWTCTAAT	806rcbc168	1991.037143	2269.271429	86.81857143	38.02928571	395.8835714	48.395	1508.640714	67.87571429	38.25834598	16.75836801	174.4540413	21.32622805	664.8128096	29.91079579	5.675734633	24.16810679	200	BactRPrevP	3	St.Neg.DM050.2
St.Neg.DM050.3	DM050.3	DM050	Agrarian	3	1.3539132	Negative	64	38	82	5.8	12.6	3	96	ACAACACTCCGA	GGACTACHVGGGTWTCTAAT	806rcbc147	1178.051	1416.364	91.669	23.965	211.687	28.727	1875.145	28.573	64.72135694	16.92008551	149.4580489	20.28221559	1323.914615	20.17348648	5.694322927	21.59653168	205	BactRPrevP	3	St.Neg.DM050.3
St.Neg.DM058.1	DM058.1	DM058	Agrarian	1	2.8091304	Negative	61	62	63	9.9	12.9	2	83	CGTGCTTAGGCT	GGACTACHVGGGTWTCTAAT	806rcbc114	5755.27	2713.39	99.58	115.5	315.78	30.45	4507.89	109.67	36.69947925	42.56667858	116.3784049	11.22212435	1661.349824	40.41807481	5.861226665	19.61801685	194	BactRPrevP	3	St.Neg.DM058.1
St.Neg.DM058.2	DM058.2	DM058	Agrarian	2	2.7320328	Negative	130	57	59	7	6.2	2	75	ACTTGGTGTAAG	GGACTACHVGGGTWTCTAAT	806rcbc105	2228.786429	2247.548571	83.855	38.33714286	390.54	43.71071429	1586.497143	62.51785714	37.30953852	17.05731451	173.7626519	19.44817337	705.8789132	27.8160205	5.748599983	19.54583832	182	BactRPrevP	3	St.Neg.DM058.2
St.Neg.DM058.3	DM058.3	DM058	Agrarian	3	1.77795	Negative	115	66	64	8	9.5	2	81	GTTAAGCTGACC	GGACTACHVGGGTWTCTAAT	806rcbc127	1305.171	1682.0705	103.4055	41.5175	209.305	23.3515	826.001	32.1275	61.47512842	24.68237806	124.4329533	13.88259291	491.0620571	19.09997233	5.753882222	19.54050494	185	BactRPrevP	3	St.Neg.DM058.3
St.Neg.DM059.1	DM059.1	DM059	Western	1	0.405362	Negative	130	34	80	4.2	31	3	91	ATCAGTACTAGG	GGACTACHVGGGTWTCTAAT	806rcbc131	14282.29	4291.78	141.36	142.71	457.32	33.05	6656.96	151.24	32.93738262	33.25193742	106.5571861	7.700767514	1551.09535	35.23945775	4.767998255	13.5030271	95	BactRPrevP	3	St.Neg.DM059.1
St.Neg.DM059.2	DM059.2	DM059	Western	2	0.4124624	Negative	180	36	79	5.4	2.9	3	87	TTGGCTCTATTC	GGACTACHVGGGTWTCTAAT	806rcbc94	1674.185714	2303.117143	86.63571429	77.07214286	318.475	15.66857143	3149.349286	141.1592857	37.61672069	33.46427388	138.2799833	6.80320212	1367.42905	61.29053668	4.267220522	11.36499311	73	BactRPrevP	3	St.Neg.DM059.2
St.Neg.DM059.3	DM059.3	DM059	Western	3	0.3982616	Negative	90	42	83	5.1	3	4	88	TGAACCCTATGG	GGACTACHVGGGTWTCTAAT	806rcbc145	3044.099	3208.4985	122.0735	151.591	343.3025	18.226	5674.3955	125.907	38.04692444	47.24671057	106.9978683	5.680538732	1768.551707	39.24172008	4.523413924	13.4091472	91	BactRPrevP	3	St.Neg.DM059.3
DM066.1	DM066.1	DM066	Western	1	2.4005744	Negative	54	48	141	161.6	18.4	6	84	GTCAGGTGCGGC	GTGYCAGCMGCCGCGGTAA	515rcbc154	NA	NA	NA	NA	NA	NA	NA	NA	NA	NA	NA	NA	NA	NA	4.809571987	14.50837402	129	BactRPrevP	3	DM066.1
DM066.2	DM066.2	DM066	Western	2	2.3650724	Negative	89	43	148	117.5	17.9	5	97	CTACTCCACGAG	GTGYCAGCMGCCGCGGTAA	515rcbc140	1459.41	1840.053571	70.91	62.93785714	255.2114286	16.38785714	2952.942857	107.1678571	38.53692148	34.20436129	138.6978252	8.906184797	1604.813524	58.24170492	4.290556595	13.76810603	115	BactRPrevP	3	DM066.2
DM066.3	DM066.3	DM066	Western	3	2.3650724	Negative	67	43	143	135.2	20	5	100	CAATCATAGGTG	GTGYCAGCMGCCGCGGTAA	515rcbc146	960.424	2207.126	81.2765	111.066	224.6805	9.4635	3580.2305	84.7655	36.82458546	50.32154938	101.7977678	4.28770265	1622.123295	38.40537423	4.778278432	14.60258972	116	BactRPrevP	3	DM066.3
DM067.1	DM067.1	DM067	Agrarian	1	0.36986	Negative	123	33	64	3.1	11.3	3	82	CTCGCCCTCGCC	GTGYCAGCMGCCGCGGTAA	515rcbc51	9244.62	2509.83	84.46	132.06	265.46	38.69	3565.75	103.19	33.65168159	52.61710953	105.7681198	15.4153867	1420.713754	41.11433842	5.445363535	19.01079197	180	BactRPrevP	3	DM067.1
DM067.2	DM067.2	DM067	Agrarian	2	0.36986	Negative	136	34	60	3.6	10.7	4	86	TTACTGTGGCCG	GTGYCAGCMGCCGCGGTAA	515rcbc77	2270.891429	2351.397143	87.545	38.75357143	407.26	47.15	1848.61	65.50071429	37.23105655	16.48108298	173.1991558	20.05190835	786.1751494	27.85608313	5.619326731	19.45310548	184	BactRPrevP	3	DM067.2
DM067.3	DM067.3	DM067	Agrarian	3	1.2716108	Negative	101	35	64	3.2	11.2	7	97	TTGCGGACCCTA	GTGYCAGCMGCCGCGGTAA	515rcbc74	2180.921	1168.7605	39.129	30.2635	195.7385	30.6085	782.478	28.985	33.47905751	25.89367112	167.4752869	26.18885563	669.4938783	24.7997772	5.558909834	18.21372631	185	BactRPrevP	3	DM067.3